feedback_id,teacher_name,subject,academic_term,academic_year,clarity_of_teaching,communication,subject_knowledge,explains_concepts_well,classroom_engagement,availability,use_of_materials,responsiveness,fairness_in_assessment,overall_effectiveness
1,Victoria White,Biology,Term 1,2023,3,2,5,4,2,4,3,4,3,4
2,Victoria White,Biology,Term 1,2023,4,4,3,3,3,4,4,4,4,4
3,Victoria White,Biology,Term 1,2023,5,2,3,4,5,3,2,3,3,4
4,Victoria White,Biology,Term 1,2023,4,3,5,4,3,3,3,4,3,3
5,Victoria White,Biology,Term 1,2023,3,3,4,5,3,4,3,5,3,3
6,Victoria White,Biology,Term 1,2023,2,2,3,3,4,4,4,4,4,4
7,Victoria White,Biology,Term 1,2023,3,3,3,3,4,4,3,4,5,4
8,Victoria White,Biology,Term 1,2023,4,5,3,4,3,3,3,4,5,3
9,Victoria White,Biology,Term 1,2023,4,4,4,4,4,4,3,4,3,4
10,Victoria White,Biology,Term 1,2023,3,3,2,4,2,2,2,4,3,3
11,Victoria White,Biology,Term 1,2023,3,4,2,4,3,4,4,2,4,4
12,Victoria White,Biology,Term 1,2023,4,2,4,4,3,4,5,3,3,3
13,Victoria White,Biology,Term 1,2023,4,4,3,4,3,4,4,3,4,5
14,Victoria White,Biology,Term 1,2023,4,2,3,3,5,4,3,2,5,4
15,Victoria White,Biology,Term 1,2023,3,2,4,4,4,2,2,5,3,4
16,Victoria White,Biology,Term 1,2023,3,4,4,4,4,3,3,3,2,2
17,Victoria White,Biology,Term 1,2023,4,3,4,4,4,4,3,4,3,4
18,Victoria White,Biology,Term 1,2023,5,2,4,4,3,4,3,5,4,3
19,Victoria White,Biology,Term 1,2023,2,3,5,5,3,4,3,3,3,5
20,Victoria White,Biology,Term 1,2023,3,4,4,5,4,3,3,4,5,5
21,Victoria White,Biology,Term 1,2023,3,4,3,4,2,4,3,3,5,3
22,Victoria White,Biology,Term 1,2023,3,4,3,3,3,4,4,2,4,4
23,Victoria White,Biology,Term 1,2023,2,3,4,3,3,4,4,2,3,3
24,Victoria White,Biology,Term 1,2023,2,4,4,2,3,4,4,4,3,4
25,Victoria White,Biology,Term 1,2023,4,3,3,4,3,2,4,4,5,4
26,Victoria White,Biology,Term 1,2023,4,3,4,4,3,4,4,4,5,3
27,Victoria White,Biology,Term 1,2023,5,3,2,3,3,3,4,5,4,4
28,Victoria White,Biology,Term 1,2023,4,3,3,3,4,5,3,4,4,3
29,Victoria White,Biology,Term 1,2023,4,4,5,4,2,3,3,2,3,4
30,Victoria White,Biology,Term 1,2023,2,4,3,4,4,4,2,4,3,3
31,Victoria White,Biology,Term 1,2023,4,4,3,3,1,3,3,3,3,4
32,Victoria White,Biology,Term 1,2023,4,4,3,3,1,4,5,2,4,4
33,Victoria White,Biology,Term 2,2023,3,5,3,3,3,4,3,3,2,4
34,Victoria White,Biology,Term 2,2023,5,3,4,3,5,4,3,4,3,3
35,Victoria White,Biology,Term 2,2023,4,2,3,4,5,3,2,5,3,3
36,Victoria White,Biology,Term 2,2023,3,3,3,4,4,3,2,3,3,4
37,Victoria White,Biology,Term 2,2023,4,5,3,3,4,2,4,3,5,3
38,Victoria White,Biology,Term 2,2023,5,4,4,4,2,5,4,4,2,2
39,Victoria White,Biology,Term 2,2023,3,4,4,4,5,4,4,4,4,4
40,Victoria White,Biology,Term 2,2023,4,4,5,3,2,3,4,4,3,4
41,Victoria White,Biology,Term 2,2023,4,4,5,5,4,4,5,3,3,3
42,Victoria White,Biology,Term 2,2023,3,3,4,4,5,3,4,4,4,5
43,Victoria White,Biology,Term 2,2023,4,3,3,2,2,3,4,4,3,2
44,Victoria White,Biology,Term 2,2023,5,3,4,3,2,3,4,2,3,3
45,Victoria White,Biology,Term 2,2023,3,3,3,3,2,4,4,3,3,3
46,Victoria White,Biology,Term 2,2023,4,5,2,4,4,3,3,3,3,3
47,Victoria White,Biology,Term 2,2023,3,4,4,4,2,3,3,4,4,4
48,Victoria White,Biology,Term 2,2023,5,4,4,3,2,3,2,3,3,5
49,Victoria White,Biology,Term 3,2023,4,4,3,3,2,4,3,3,3,4
50,Victoria White,Biology,Term 3,2023,4,5,3,3,4,4,4,4,4,3
51,Victoria White,Biology,Term 3,2023,4,4,1,3,3,2,2,4,4,3
52,Victoria White,Biology,Term 3,2023,3,4,4,4,4,3,4,3,4,3
53,Victoria White,Biology,Term 3,2023,5,5,4,5,4,3,3,5,3,4
54,Victoria White,Biology,Term 3,2023,4,4,3,4,2,3,4,3,4,3
55,Victoria White,Biology,Term 3,2023,3,5,4,4,3,5,2,4,3,3
56,Victoria White,Biology,Term 3,2023,3,3,4,3,5,3,3,3,4,3
57,Victoria White,Biology,Term 3,2023,3,3,4,2,3,3,3,3,3,4
58,Victoria White,Biology,Term 3,2023,3,5,3,3,3,3,4,4,4,4
59,Victoria White,Biology,Term 3,2023,4,5,3,5,4,1,4,5,4,3
60,Victoria White,Biology,Term 3,2023,3,5,4,3,4,3,2,4,4,3
61,Victoria White,Biology,Term 3,2023,3,4,3,3,3,3,4,2,4,3
62,Victoria White,Biology,Term 3,2023,3,5,4,4,3,5,3,3,4,2
63,Victoria White,Biology,Term 3,2023,4,3,3,3,4,3,4,5,4,4
64,Victoria White,Biology,Term 3,2023,3,3,4,3,2,3,4,3,4,3
65,Victoria White,Biology,Term 3,2023,3,3,3,3,5,4,2,4,5,4
66,Victoria White,Biology,Term 3,2023,5,4,4,4,3,4,4,3,2,4
67,Victoria White,Biology,Term 3,2023,3,3,5,4,4,4,3,3,5,4
68,Victoria White,Biology,Term 3,2023,3,3,4,3,4,4,5,2,4,4
69,Victoria White,Biology,Term 3,2023,4,3,4,3,4,4,5,4,2,4
70,Victoria White,Biology,Term 3,2023,5,2,3,4,2,4,3,4,4,3
71,Victoria White,Biology,Term 3,2023,4,3,3,3,4,4,3,3,3,3
72,Victoria White,Biology,Term 3,2023,4,3,4,3,3,2,3,3,5,5
73,Victoria White,Biology,Term 3,2023,4,3,3,4,2,4,2,3,3,3
74,Victoria White,Biology,Term 3,2023,3,4,4,4,5,3,5,3,2,4
75,Victoria White,Biology,Term 3,2023,5,3,4,3,4,4,4,3,4,2
76,Victoria White,Biology,Term 1,2024,4,3,4,4,4,2,3,5,4,4
77,Victoria White,Biology,Term 1,2024,2,4,4,3,3,3,4,4,4,4
78,Victoria White,Biology,Term 1,2024,3,2,3,4,4,3,4,3,3,3
79,Victoria White,Biology,Term 1,2024,4,4,3,3,2,2,3,4,3,4
80,Victoria White,Biology,Term 1,2024,3,4,3,4,3,4,3,3,5,5
81,Victoria White,Biology,Term 1,2024,3,3,4,4,4,4,4,3,3,4
82,Victoria White,Biology,Term 1,2024,5,4,5,3,4,3,4,3,3,1
83,Victoria White,Biology,Term 1,2024,3,2,3,3,2,3,3,5,3,3
84,Victoria White,Biology,Term 1,2024,2,3,4,5,3,4,5,5,4,3
85,Victoria White,Biology,Term 1,2024,3,2,4,5,3,3,3,4,3,3
86,Victoria White,Biology,Term 1,2024,4,4,4,3,4,4,4,4,3,4
87,Victoria White,Biology,Term 1,2024,4,4,4,4,2,3,4,3,4,3
88,Victoria White,Biology,Term 1,2024,4,4,3,4,4,4,3,2,4,3
89,Victoria White,Biology,Term 1,2024,3,4,3,3,3,3,3,4,4,3
90,Victoria White,Biology,Term 1,2024,4,1,4,4,4,4,4,3,2,4
91,Victoria White,Biology,Term 1,2024,2,4,4,3,3,5,3,4,5,5
92,Victoria White,Biology,Term 1,2024,4,5,4,4,4,3,4,2,4,3
93,Victoria White,Biology,Term 1,2024,4,5,3,4,4,5,4,4,4,3
94,Victoria White,Biology,Term 1,2024,3,4,3,3,3,3,4,4,4,3
95,Victoria White,Biology,Term 1,2024,3,4,3,4,4,3,4,4,5,4
96,Victoria White,Biology,Term 1,2024,2,3,4,4,3,4,3,3,3,3
97,Victoria White,Biology,Term 1,2024,5,4,4,2,5,2,3,2,3,5
98,Victoria White,Biology,Term 1,2024,4,4,4,3,4,5,4,4,4,4
99,Victoria White,Biology,Term 1,2024,2,4,3,4,5,4,5,4,3,3
100,Victoria White,Biology,Term 2,2024,3,4,3,4,4,2,3,4,3,4
101,Victoria White,Biology,Term 2,2024,4,4,4,4,4,3,4,4,4,4
102,Victoria White,Biology,Term 2,2024,4,3,3,3,4,2,4,5,4,3
103,Victoria White,Biology,Term 2,2024,2,5,3,3,2,2,4,3,4,3
104,Victoria White,Biology,Term 2,2024,5,3,4,3,3,3,3,2,3,3
105,Victoria White,Biology,Term 2,2024,5,3,3,4,3,4,4,4,4,4
106,Victoria White,Biology,Term 2,2024,4,4,4,4,3,4,3,4,4,2
107,Victoria White,Biology,Term 2,2024,3,5,3,4,3,2,4,4,4,4
108,Victoria White,Biology,Term 2,2024,5,3,4,3,3,2,3,4,5,3
109,Victoria White,Biology,Term 2,2024,4,3,5,4,3,4,2,4,3,3
110,Victoria White,Biology,Term 2,2024,3,3,4,4,3,4,3,3,3,4
111,Victoria White,Biology,Term 2,2024,5,2,3,3,4,5,4,3,4,4
112,Victoria White,Biology,Term 2,2024,3,3,4,5,4,4,3,4,3,3
113,Victoria White,Biology,Term 2,2024,3,4,3,3,3,4,4,4,4,3
114,Victoria White,Biology,Term 2,2024,4,3,4,4,3,3,3,3,5,3
115,Victoria White,Biology,Term 2,2024,3,5,4,4,4,4,2,3,3,2
116,Victoria White,Biology,Term 2,2024,2,3,2,3,3,5,4,4,3,5
117,Victoria White,Biology,Term 2,2024,4,3,2,4,3,3,4,3,3,3
118,Victoria White,Biology,Term 2,2024,2,5,3,3,3,4,3,3,3,4
119,Victoria White,Biology,Term 2,2024,2,4,5,3,3,2,4,4,4,5
120,Victoria White,Biology,Term 2,2024,4,2,5,3,3,4,4,3,4,1
121,Victoria White,Biology,Term 2,2024,4,3,5,3,5,4,4,4,4,4
122,Victoria White,Biology,Term 2,2024,4,3,3,3,3,4,4,4,4,4
123,Victoria White,Biology,Term 2,2024,5,4,4,3,4,4,5,5,4,3
124,Victoria White,Biology,Term 3,2024,4,4,3,3,3,5,3,4,4,4
125,Victoria White,Biology,Term 3,2024,3,3,2,3,2,4,3,3,3,3
126,Victoria White,Biology,Term 3,2024,5,4,3,5,4,4,3,3,5,4
127,Victoria White,Biology,Term 3,2024,3,4,4,4,2,4,5,4,4,3
128,Victoria White,Biology,Term 3,2024,3,4,4,3,4,4,4,3,4,3
129,Victoria White,Biology,Term 3,2024,4,4,3,4,4,4,4,3,4,5
130,Victoria White,Biology,Term 3,2024,4,5,4,4,2,3,4,4,3,4
131,Victoria White,Biology,Term 3,2024,5,3,4,5,4,3,4,4,5,3
132,Victoria White,Biology,Term 3,2024,2,3,3,4,4,3,3,3,3,4
133,Victoria White,Biology,Term 3,2024,4,4,4,2,2,3,3,5,3,4
134,Victoria White,Biology,Term 3,2024,5,4,4,5,4,4,4,5,4,3
135,Victoria White,Biology,Term 3,2024,3,3,2,5,5,4,4,3,3,4
136,Victoria White,Biology,Term 3,2024,3,4,3,3,3,4,4,3,3,5
137,Victoria White,Biology,Term 3,2024,4,3,4,4,4,3,3,4,4,3
138,Victoria White,Biology,Term 3,2024,4,3,4,4,3,3,4,3,3,4
139,Victoria White,Biology,Term 3,2024,4,3,3,3,3,5,3,5,3,3
140,Victoria White,Biology,Term 3,2024,5,3,4,4,4,3,4,3,2,3
141,Victoria White,Biology,Term 3,2024,4,4,4,4,5,3,5,4,4,3
142,Victoria White,Biology,Term 3,2024,3,4,4,2,4,2,5,5,3,4
143,Victoria White,Biology,Term 3,2024,2,3,4,4,4,4,4,3,3,4
144,Victoria White,Biology,Term 3,2024,3,5,4,2,3,4,3,3,2,2
145,Victoria White,Biology,Term 3,2024,3,3,2,4,4,4,5,4,3,4
146,Victoria White,Biology,Term 3,2024,2,3,3,4,4,3,2,5,4,5
147,Victoria White,Biology,Term 3,2024,2,4,2,5,2,3,4,4,4,4
148,Victoria White,Biology,Term 3,2024,4,4,3,3,4,4,4,3,2,4
149,Victoria White,Biology,Term 3,2024,3,4,4,2,4,4,4,2,2,3
150,Victoria White,Biology,Term 3,2024,3,2,3,3,3,4,3,3,4,3
151,Victoria White,Biology,Term 3,2024,5,2,4,4,3,3,4,4,5,3
152,Victoria White,Biology,Term 3,2024,5,3,4,3,2,3,5,3,4,2
153,Victoria White,Biology,Term 3,2024,3,4,4,4,2,3,3,3,3,2
154,Victoria White,Biology,Term 3,2024,3,5,3,2,4,3,2,3,3,4
155,Victoria White,Biology,Term 3,2024,4,4,4,5,3,2,3,4,2,4
156,Victoria White,Biology,Term 3,2024,5,5,3,4,4,3,3,3,4,5
157,Victoria White,Biology,Term 3,2024,4,3,3,5,4,4,4,3,3,4
158,Victoria White,Biology,Term 3,2024,3,3,2,4,3,5,3,2,2,2
159,Victoria White,Biology,Term 3,2024,5,4,4,5,3,3,4,3,5,5
160,Victoria White,Biology,Term 3,2024,4,4,4,5,4,4,3,3,4,5
161,Victoria White,Biology,Term 3,2024,3,4,3,4,4,4,3,3,3,5
162,Victoria White,Biology,Term 3,2024,3,4,3,4,4,3,3,5,3,4
163,Victoria White,Biology,Term 1,2025,3,3,5,3,4,3,3,5,3,3
164,Victoria White,Biology,Term 1,2025,3,4,3,3,3,3,2,3,4,4
165,Victoria White,Biology,Term 1,2025,4,2,3,4,4,3,4,3,3,4
166,Victoria White,Biology,Term 1,2025,3,5,4,3,4,3,5,4,5,3
167,Victoria White,Biology,Term 1,2025,2,3,2,5,4,3,3,2,3,5
168,Victoria White,Biology,Term 1,2025,4,4,4,4,2,4,5,4,4,3
169,Victoria White,Biology,Term 1,2025,3,5,4,4,3,3,5,4,4,3
170,Victoria White,Biology,Term 1,2025,4,4,4,3,3,4,3,3,2,4
171,Victoria White,Biology,Term 1,2025,4,3,3,3,4,2,3,4,3,3
172,Victoria White,Biology,Term 1,2025,4,3,4,4,5,4,5,5,4,4
173,Victoria White,Biology,Term 1,2025,3,3,2,3,4,3,5,4,4,4
174,Victoria White,Biology,Term 1,2025,3,5,5,4,2,3,2,3,3,4
175,Victoria White,Biology,Term 1,2025,3,2,4,4,2,3,3,3,5,4
176,Victoria White,Biology,Term 1,2025,2,4,4,4,4,2,4,4,3,3
177,Victoria White,Biology,Term 1,2025,3,4,3,3,3,5,4,4,2,2
178,Victoria White,Biology,Term 1,2025,4,3,4,4,5,3,5,4,4,2
179,Victoria White,Biology,Term 1,2025,4,3,4,5,4,4,4,3,2,4
180,Victoria White,Biology,Term 1,2025,4,5,3,3,4,3,2,3,3,2
181,Victoria White,Biology,Term 1,2025,4,4,3,5,3,4,2,3,4,4
182,Victoria White,Biology,Term 2,2025,3,4,4,4,3,5,5,3,3,4
183,Victoria White,Biology,Term 2,2025,4,3,4,3,3,3,4,4,3,3
184,Victoria White,Biology,Term 2,2025,4,4,4,3,5,4,3,1,2,2
185,Victoria White,Biology,Term 2,2025,3,4,4,3,3,3,3,3,5,4
186,Victoria White,Biology,Term 2,2025,3,4,3,3,3,3,2,3,4,3
187,Victoria White,Biology,Term 2,2025,4,4,4,4,4,4,2,4,2,4
188,Victoria White,Biology,Term 2,2025,4,3,4,3,4,3,4,3,3,3
189,Victoria White,Biology,Term 2,2025,5,4,3,3,2,3,3,4,4,3
190,Victoria White,Biology,Term 2,2025,4,4,4,4,4,3,4,3,2,4
191,Victoria White,Biology,Term 2,2025,3,3,3,4,3,3,4,4,3,5
192,Victoria White,Biology,Term 2,2025,3,3,4,4,4,5,3,3,3,5
193,Victoria White,Biology,Term 2,2025,2,3,4,4,3,5,3,3,2,4
194,Victoria White,Biology,Term 2,2025,3,3,5,3,4,4,3,4,3,3
195,Victoria White,Biology,Term 2,2025,3,5,4,4,3,5,4,4,4,4
196,Victoria White,Biology,Term 2,2025,4,4,4,4,4,2,3,3,2,4
197,Victoria White,Biology,Term 2,2025,5,2,3,4,4,3,4,5,4,4
198,Victoria White,Biology,Term 2,2025,2,2,3,4,4,4,3,4,4,4
199,Victoria White,Biology,Term 2,2025,4,3,3,5,4,3,4,3,4,4
200,Victoria White,Biology,Term 2,2025,3,4,4,3,4,3,3,4,3,4
201,Victoria White,Biology,Term 2,2025,5,4,3,3,4,4,2,4,3,4
202,Victoria White,Biology,Term 2,2025,4,4,5,5,2,4,2,5,4,3
203,Victoria White,Biology,Term 2,2025,3,4,3,3,4,5,2,3,3,5
204,Victoria White,Biology,Term 2,2025,5,3,3,4,4,4,4,5,3,2
205,Victoria White,Biology,Term 2,2025,4,4,3,3,4,3,4,3,4,2
206,Victoria White,Biology,Term 2,2025,3,4,4,3,4,4,4,4,5,3
207,Victoria White,Biology,Term 2,2025,5,4,2,2,3,4,4,3,3,5
208,Victoria White,Biology,Term 2,2025,2,3,4,3,4,3,3,3,3,5
209,Victoria White,Biology,Term 2,2025,3,4,4,5,5,2,4,4,5,2
210,Victoria White,Biology,Term 2,2025,4,3,4,3,3,2,4,3,3,3
211,Victoria White,Biology,Term 2,2025,3,4,4,2,2,2,2,4,4,5
212,Victoria White,Biology,Term 2,2025,3,4,4,2,4,3,4,3,2,4
213,Victoria White,Biology,Term 2,2025,5,3,4,5,2,3,4,3,3,3
214,Victoria White,Biology,Term 2,2025,4,3,3,3,5,3,4,3,2,3
215,Victoria White,Biology,Term 2,2025,3,4,4,3,5,5,4,4,3,2
216,Victoria White,Biology,Term 2,2025,4,3,5,5,3,4,4,4,4,5
217,Victoria White,Biology,Term 2,2025,5,4,5,4,3,4,3,4,4,3
218,Victoria White,Biology,Term 3,2025,4,4,3,2,2,3,3,5,3,3
219,Victoria White,Biology,Term 3,2025,4,4,3,4,3,3,3,4,3,2
220,Victoria White,Biology,Term 3,2025,3,3,3,5,4,3,3,3,3,3
221,Victoria White,Biology,Term 3,2025,4,4,4,4,4,4,4,3,4,3
222,Victoria White,Biology,Term 3,2025,4,3,4,5,5,4,5,3,3,4
223,Victoria White,Biology,Term 3,2025,5,5,3,4,4,5,3,3,4,3
224,Victoria White,Biology,Term 3,2025,3,4,3,5,4,2,3,2,3,3
225,Victoria White,Biology,Term 3,2025,4,3,4,5,5,5,3,3,3,3
226,Victoria White,Biology,Term 3,2025,4,3,3,3,4,3,2,3,2,4
227,Victoria White,Biology,Term 3,2025,3,4,2,5,3,5,3,5,4,3
228,Victoria White,Biology,Term 3,2025,4,3,3,4,2,3,4,4,4,3
229,Victoria White,Biology,Term 3,2025,4,3,5,4,2,3,3,2,3,3
230,Victoria White,Biology,Term 3,2025,3,4,4,3,4,5,5,4,4,4
231,Victoria White,Biology,Term 3,2025,4,4,2,4,4,3,3,3,4,2
232,Victoria White,Biology,Term 3,2025,3,4,4,4,5,4,4,4,4,4
233,Ms. Mary Kelly PhD,History,Term 1,2023,3,3,3,4,3,3,2,3,4,3
234,Ms. Mary Kelly PhD,History,Term 1,2023,4,2,2,3,4,3,2,2,3,4
235,Ms. Mary Kelly PhD,History,Term 1,2023,2,4,3,2,4,2,3,3,3,4
236,Ms. Mary Kelly PhD,History,Term 1,2023,4,3,3,2,3,2,3,5,2,1
237,Ms. Mary Kelly PhD,History,Term 1,2023,3,3,3,3,1,2,1,4,3,3
238,Ms. Mary Kelly PhD,History,Term 1,2023,2,3,1,2,5,3,5,1,3,2
239,Ms. Mary Kelly PhD,History,Term 1,2023,2,3,2,2,2,2,3,4,4,3
240,Ms. Mary Kelly PhD,History,Term 1,2023,3,2,3,3,3,2,3,2,4,3
241,Ms. Mary Kelly PhD,History,Term 1,2023,1,3,3,1,2,4,3,2,3,3
242,Ms. Mary Kelly PhD,History,Term 1,2023,2,2,3,3,2,3,2,4,3,1
243,Ms. Mary Kelly PhD,History,Term 1,2023,2,3,4,3,2,2,3,2,3,3
244,Ms. Mary Kelly PhD,History,Term 1,2023,3,3,1,3,3,2,2,3,3,2
245,Ms. Mary Kelly PhD,History,Term 1,2023,3,4,2,3,3,2,3,4,1,3
246,Ms. Mary Kelly PhD,History,Term 1,2023,3,2,3,3,2,4,3,2,2,2
247,Ms. Mary Kelly PhD,History,Term 1,2023,1,1,3,3,1,3,2,3,3,1
248,Ms. Mary Kelly PhD,History,Term 1,2023,3,3,2,3,3,2,4,4,4,2
249,Ms. Mary Kelly PhD,History,Term 2,2023,2,3,3,3,4,3,2,1,2,3
250,Ms. Mary Kelly PhD,History,Term 2,2023,4,4,3,2,2,3,2,3,4,4
251,Ms. Mary Kelly PhD,History,Term 2,2023,2,3,3,1,3,2,2,4,2,3
252,Ms. Mary Kelly PhD,History,Term 2,2023,3,1,3,3,3,1,3,2,3,3
253,Ms. Mary Kelly PhD,History,Term 2,2023,3,3,3,3,1,5,3,4,3,3
254,Ms. Mary Kelly PhD,History,Term 2,2023,2,4,4,2,2,3,3,3,3,3
255,Ms. Mary Kelly PhD,History,Term 2,2023,3,3,4,3,3,4,2,2,4,3
256,Ms. Mary Kelly PhD,History,Term 2,2023,3,3,4,3,3,4,2,2,3,2
257,Ms. Mary Kelly PhD,History,Term 2,2023,3,2,3,2,2,3,3,3,4,3
258,Ms. Mary Kelly PhD,History,Term 2,2023,2,4,3,3,4,2,3,2,3,2
259,Ms. Mary Kelly PhD,History,Term 2,2023,3,3,3,3,1,3,2,4,4,2
260,Ms. Mary Kelly PhD,History,Term 2,2023,2,4,4,3,2,1,3,2,3,3
261,Ms. Mary Kelly PhD,History,Term 2,2023,3,3,4,3,2,3,3,3,4,2
262,Ms. Mary Kelly PhD,History,Term 2,2023,3,2,3,3,3,1,4,4,3,4
263,Ms. Mary Kelly PhD,History,Term 2,2023,2,2,3,2,3,2,2,1,3,3
264,Ms. Mary Kelly PhD,History,Term 2,2023,4,1,4,2,3,3,3,1,3,3
265,Ms. Mary Kelly PhD,History,Term 2,2023,4,3,3,2,3,3,3,3,3,2
266,Ms. Mary Kelly PhD,History,Term 2,2023,2,3,4,2,4,3,1,3,3,3
267,Ms. Mary Kelly PhD,History,Term 2,2023,4,4,2,3,2,2,3,4,2,2
268,Ms. Mary Kelly PhD,History,Term 2,2023,4,2,3,3,4,3,3,2,4,3
269,Ms. Mary Kelly PhD,History,Term 2,2023,3,3,3,2,3,2,2,4,4,3
270,Ms. Mary Kelly PhD,History,Term 2,2023,2,3,2,4,2,2,3,4,4,4
271,Ms. Mary Kelly PhD,History,Term 2,2023,4,4,3,2,2,4,3,2,3,2
272,Ms. Mary Kelly PhD,History,Term 2,2023,2,3,4,3,3,3,3,1,4,3
273,Ms. Mary Kelly PhD,History,Term 2,2023,2,2,2,5,2,2,3,2,3,4
274,Ms. Mary Kelly PhD,History,Term 2,2023,3,3,3,2,3,4,4,3,3,2
275,Ms. Mary Kelly PhD,History,Term 2,2023,2,2,4,2,2,3,4,2,1,3
276,Ms. Mary Kelly PhD,History,Term 2,2023,3,3,3,3,3,3,2,2,2,2
277,Ms. Mary Kelly PhD,History,Term 2,2023,2,4,2,1,4,3,3,3,3,4
278,Ms. Mary Kelly PhD,History,Term 2,2023,2,4,4,2,2,3,2,3,4,3
279,Ms. Mary Kelly PhD,History,Term 2,2023,4,2,3,2,3,3,2,2,2,2
280,Ms. Mary Kelly PhD,History,Term 2,2023,2,4,3,3,3,4,2,3,3,2
281,Ms. Mary Kelly PhD,History,Term 2,2023,4,2,3,2,4,3,2,3,1,3
282,Ms. Mary Kelly PhD,History,Term 2,2023,2,3,1,3,3,2,3,3,4,1
283,Ms. Mary Kelly PhD,History,Term 2,2023,3,3,3,3,3,3,4,2,2,3
284,Ms. Mary Kelly PhD,History,Term 2,2023,3,3,2,2,3,2,2,4,3,2
285,Ms. Mary Kelly PhD,History,Term 2,2023,2,3,4,4,2,4,2,2,2,2
286,Ms. Mary Kelly PhD,History,Term 2,2023,4,2,1,2,3,1,3,2,4,3
287,Ms. Mary Kelly PhD,History,Term 2,2023,3,2,2,2,3,4,3,2,4,3
288,Ms. Mary Kelly PhD,History,Term 2,2023,3,4,3,3,3,3,3,2,2,3
289,Ms. Mary Kelly PhD,History,Term 3,2023,3,2,5,3,3,2,3,3,3,3
290,Ms. Mary Kelly PhD,History,Term 3,2023,3,2,2,5,2,2,3,1,4,4
291,Ms. Mary Kelly PhD,History,Term 3,2023,2,3,4,3,4,4,2,3,2,2
292,Ms. Mary Kelly PhD,History,Term 3,2023,3,3,2,3,2,2,4,2,3,4
293,Ms. Mary Kelly PhD,History,Term 3,2023,3,4,2,2,3,2,2,3,3,3
294,Ms. Mary Kelly PhD,History,Term 3,2023,1,2,2,3,3,3,2,1,4,3
295,Ms. Mary Kelly PhD,History,Term 3,2023,3,3,2,4,2,3,3,3,3,2
296,Ms. Mary Kelly PhD,History,Term 3,2023,3,3,4,3,4,3,3,4,4,4
297,Ms. Mary Kelly PhD,History,Term 3,2023,3,3,4,3,2,2,3,3,2,2
298,Ms. Mary Kelly PhD,History,Term 3,2023,2,3,3,3,3,4,5,3,4,2
299,Ms. Mary Kelly PhD,History,Term 3,2023,4,2,3,3,1,1,2,4,3,4
300,Ms. Mary Kelly PhD,History,Term 3,2023,1,3,3,2,4,2,3,5,2,2
301,Ms. Mary Kelly PhD,History,Term 3,2023,3,2,3,1,3,4,3,3,3,3
302,Ms. Mary Kelly PhD,History,Term 3,2023,3,3,3,3,3,3,2,1,3,2
303,Ms. Mary Kelly PhD,History,Term 3,2023,3,4,3,3,2,3,2,4,3,3
304,Ms. Mary Kelly PhD,History,Term 3,2023,1,2,3,4,3,3,3,3,2,2
305,Ms. Mary Kelly PhD,History,Term 3,2023,2,2,3,2,3,2,1,2,3,2
306,Ms. Mary Kelly PhD,History,Term 3,2023,4,3,4,5,2,2,2,3,3,3
307,Ms. Mary Kelly PhD,History,Term 3,2023,2,3,4,2,2,4,2,3,3,4
308,Ms. Mary Kelly PhD,History,Term 3,2023,3,3,2,2,3,2,2,4,3,4
309,Ms. Mary Kelly PhD,History,Term 3,2023,4,2,3,3,3,4,4,3,3,3
310,Ms. Mary Kelly PhD,History,Term 3,2023,2,3,5,3,4,3,2,2,2,3
311,Ms. Mary Kelly PhD,History,Term 3,2023,3,3,2,4,2,3,2,2,2,3
312,Ms. Mary Kelly PhD,History,Term 3,2023,3,2,2,4,4,3,4,4,3,2
313,Ms. Mary Kelly PhD,History,Term 3,2023,5,4,2,2,1,2,2,4,4,3
314,Ms. Mary Kelly PhD,History,Term 3,2023,3,2,2,3,4,3,3,3,2,3
315,Ms. Mary Kelly PhD,History,Term 3,2023,2,4,2,4,2,3,2,4,2,2
316,Ms. Mary Kelly PhD,History,Term 1,2024,4,2,3,3,3,3,2,2,3,3
317,Ms. Mary Kelly PhD,History,Term 1,2024,3,1,3,3,3,3,3,2,4,3
318,Ms. Mary Kelly PhD,History,Term 1,2024,4,3,2,3,2,3,2,3,4,4
319,Ms. Mary Kelly PhD,History,Term 1,2024,2,3,4,2,1,2,3,1,4,1
320,Ms. Mary Kelly PhD,History,Term 1,2024,3,3,3,4,4,3,2,3,3,3
321,Ms. Mary Kelly PhD,History,Term 1,2024,2,4,2,3,2,4,5,4,2,2
322,Ms. Mary Kelly PhD,History,Term 1,2024,2,3,3,2,2,1,3,2,2,5
323,Ms. Mary Kelly PhD,History,Term 1,2024,3,3,3,2,4,3,2,4,2,4
324,Ms. Mary Kelly PhD,History,Term 1,2024,4,3,2,4,5,2,3,2,3,3
325,Ms. Mary Kelly PhD,History,Term 1,2024,4,2,3,3,2,3,2,3,4,2
326,Ms. Mary Kelly PhD,History,Term 1,2024,3,2,3,3,3,2,2,2,3,3
327,Ms. Mary Kelly PhD,History,Term 1,2024,3,3,2,3,1,3,4,3,4,3
328,Ms. Mary Kelly PhD,History,Term 1,2024,4,3,3,3,3,2,4,4,3,3
329,Ms. Mary Kelly PhD,History,Term 1,2024,2,3,3,2,2,2,3,3,3,5
330,Ms. Mary Kelly PhD,History,Term 1,2024,3,4,3,2,2,4,2,3,3,4
331,Ms. Mary Kelly PhD,History,Term 1,2024,3,3,3,1,2,3,3,2,2,3
332,Ms. Mary Kelly PhD,History,Term 1,2024,3,3,1,3,3,3,2,2,3,3
333,Ms. Mary Kelly PhD,History,Term 1,2024,3,3,3,3,4,3,2,3,3,3
334,Ms. Mary Kelly PhD,History,Term 1,2024,2,1,4,3,1,3,3,2,2,3
335,Ms. Mary Kelly PhD,History,Term 1,2024,3,2,3,3,3,2,4,3,2,3
336,Ms. Mary Kelly PhD,History,Term 2,2024,2,3,3,2,3,2,3,3,2,3
337,Ms. Mary Kelly PhD,History,Term 2,2024,3,3,2,3,2,3,3,4,3,2
338,Ms. Mary Kelly PhD,History,Term 2,2024,2,3,2,3,3,3,3,2,1,3
339,Ms. Mary Kelly PhD,History,Term 2,2024,3,2,3,3,3,3,3,3,2,4
340,Ms. Mary Kelly PhD,History,Term 2,2024,3,2,1,2,4,3,3,4,2,2
341,Ms. Mary Kelly PhD,History,Term 2,2024,3,3,3,2,2,4,3,3,2,4
342,Ms. Mary Kelly PhD,History,Term 2,2024,4,3,1,4,3,3,4,3,3,4
343,Ms. Mary Kelly PhD,History,Term 2,2024,3,4,3,3,4,4,2,4,2,3
344,Ms. Mary Kelly PhD,History,Term 2,2024,3,2,3,4,3,2,3,3,3,4
345,Ms. Mary Kelly PhD,History,Term 2,2024,2,3,2,3,2,3,3,1,3,2
346,Ms. Mary Kelly PhD,History,Term 2,2024,3,1,3,4,2,2,3,3,1,3
347,Ms. Mary Kelly PhD,History,Term 2,2024,3,5,2,3,3,2,4,3,3,3
348,Ms. Mary Kelly PhD,History,Term 2,2024,1,3,2,2,3,4,3,4,3,1
349,Ms. Mary Kelly PhD,History,Term 2,2024,2,4,4,3,2,3,3,3,3,3
350,Ms. Mary Kelly PhD,History,Term 2,2024,2,2,3,2,3,3,2,3,3,3
351,Ms. Mary Kelly PhD,History,Term 2,2024,4,4,2,3,3,2,3,1,3,3
352,Ms. Mary Kelly PhD,History,Term 2,2024,3,4,2,1,2,2,3,4,3,3
353,Ms. Mary Kelly PhD,History,Term 2,2024,4,4,3,2,3,3,3,4,3,2
354,Ms. Mary Kelly PhD,History,Term 2,2024,2,2,2,2,3,3,3,3,2,2
355,Ms. Mary Kelly PhD,History,Term 2,2024,2,2,3,2,2,3,3,3,5,2
356,Ms. Mary Kelly PhD,History,Term 2,2024,3,4,4,3,1,3,3,5,2,3
357,Ms. Mary Kelly PhD,History,Term 2,2024,2,4,2,2,1,3,3,3,3,3
358,Ms. Mary Kelly PhD,History,Term 2,2024,3,2,3,3,2,1,3,3,4,3
359,Ms. Mary Kelly PhD,History,Term 2,2024,3,2,4,3,4,4,2,3,4,3
360,Ms. Mary Kelly PhD,History,Term 2,2024,3,2,2,3,2,1,2,2,5,4
361,Ms. Mary Kelly PhD,History,Term 2,2024,3,3,4,3,3,3,3,2,4,3
362,Ms. Mary Kelly PhD,History,Term 2,2024,4,4,3,4,3,2,2,3,3,3
363,Ms. Mary Kelly PhD,History,Term 2,2024,4,3,2,3,4,2,2,4,3,3
364,Ms. Mary Kelly PhD,History,Term 2,2024,2,3,3,3,4,3,2,4,4,4
365,Ms. Mary Kelly PhD,History,Term 2,2024,4,3,3,2,2,2,3,4,4,2
366,Ms. Mary Kelly PhD,History,Term 2,2024,3,2,4,2,3,4,3,3,3,1
367,Ms. Mary Kelly PhD,History,Term 2,2024,3,3,2,3,2,4,3,3,3,3
368,Ms. Mary Kelly PhD,History,Term 2,2024,3,3,3,2,3,2,3,3,2,4
369,Ms. Mary Kelly PhD,History,Term 3,2024,2,1,2,3,2,2,3,3,5,2
370,Ms. Mary Kelly PhD,History,Term 3,2024,3,3,3,2,3,3,2,3,3,2
371,Ms. Mary Kelly PhD,History,Term 3,2024,4,3,3,3,3,4,2,3,3,4
372,Ms. Mary Kelly PhD,History,Term 3,2024,4,3,3,3,4,2,3,3,2,2
373,Ms. Mary Kelly PhD,History,Term 3,2024,4,2,4,3,2,4,1,4,5,4
374,Ms. Mary Kelly PhD,History,Term 3,2024,3,4,4,2,2,3,3,4,4,3
375,Ms. Mary Kelly PhD,History,Term 3,2024,2,4,4,3,3,2,2,2,4,3
376,Ms. Mary Kelly PhD,History,Term 3,2024,2,3,3,3,3,3,1,2,3,3
377,Ms. Mary Kelly PhD,History,Term 3,2024,3,3,4,1,3,3,3,3,2,2
378,Ms. Mary Kelly PhD,History,Term 3,2024,2,2,3,2,4,2,4,4,4,3
379,Ms. Mary Kelly PhD,History,Term 3,2024,2,1,3,3,2,3,5,3,4,3
380,Ms. Mary Kelly PhD,History,Term 3,2024,4,3,4,3,2,2,1,3,4,3
381,Ms. Mary Kelly PhD,History,Term 3,2024,4,4,3,1,2,2,2,1,3,2
382,Ms. Mary Kelly PhD,History,Term 3,2024,2,3,2,3,3,4,2,2,3,5
383,Ms. Mary Kelly PhD,History,Term 3,2024,4,4,3,3,2,3,2,3,3,2
384,Ms. Mary Kelly PhD,History,Term 3,2024,3,2,1,3,3,2,3,5,3,2
385,Ms. Mary Kelly PhD,History,Term 3,2024,3,3,3,3,1,3,2,2,2,3
386,Ms. Mary Kelly PhD,History,Term 3,2024,1,3,2,4,2,3,2,3,1,4
387,Ms. Mary Kelly PhD,History,Term 3,2024,5,4,3,2,2,2,2,3,2,3
388,Ms. Mary Kelly PhD,History,Term 3,2024,3,4,4,1,4,4,3,3,2,4
389,Ms. Mary Kelly PhD,History,Term 3,2024,3,1,3,2,4,2,5,3,1,3
390,Ms. Mary Kelly PhD,History,Term 3,2024,3,4,3,3,3,2,3,3,2,1
391,Ms. Mary Kelly PhD,History,Term 3,2024,2,3,4,3,3,3,3,2,3,1
392,Ms. Mary Kelly PhD,History,Term 3,2024,3,2,3,2,3,3,4,3,3,3
393,Ms. Mary Kelly PhD,History,Term 3,2024,2,4,2,3,2,2,2,3,2,3
394,Ms. Mary Kelly PhD,History,Term 3,2024,3,2,3,3,4,3,4,3,2,3
395,Ms. Mary Kelly PhD,History,Term 3,2024,4,2,3,3,3,4,3,3,3,4
396,Ms. Mary Kelly PhD,History,Term 3,2024,2,2,3,3,3,1,3,3,3,2
397,Ms. Mary Kelly PhD,History,Term 3,2024,3,2,3,4,3,3,3,3,1,3
398,Ms. Mary Kelly PhD,History,Term 3,2024,4,3,1,2,2,3,3,4,4,5
399,Ms. Mary Kelly PhD,History,Term 3,2024,2,3,3,2,3,3,5,3,2,2
400,Ms. Mary Kelly PhD,History,Term 1,2025,2,3,3,2,2,4,4,1,3,3
401,Ms. Mary Kelly PhD,History,Term 1,2025,3,4,4,4,3,2,4,2,3,2
402,Ms. Mary Kelly PhD,History,Term 1,2025,2,4,4,2,3,3,2,2,2,3
403,Ms. Mary Kelly PhD,History,Term 1,2025,4,4,3,3,1,2,4,4,2,3
404,Ms. Mary Kelly PhD,History,Term 1,2025,2,3,3,2,3,3,3,3,3,4
405,Ms. Mary Kelly PhD,History,Term 1,2025,1,3,1,2,3,3,3,3,2,3
406,Ms. Mary Kelly PhD,History,Term 1,2025,3,3,3,3,3,2,3,3,3,2
407,Ms. Mary Kelly PhD,History,Term 1,2025,3,3,2,3,2,3,3,3,3,4
408,Ms. Mary Kelly PhD,History,Term 1,2025,3,3,2,3,3,1,4,3,3,3
409,Ms. Mary Kelly PhD,History,Term 1,2025,2,4,3,2,3,4,3,4,4,2
410,Ms. Mary Kelly PhD,History,Term 1,2025,3,2,3,2,2,2,2,2,1,2
411,Ms. Mary Kelly PhD,History,Term 1,2025,2,2,2,2,3,3,3,3,3,3
412,Ms. Mary Kelly PhD,History,Term 1,2025,4,2,2,1,1,2,3,4,3,4
413,Ms. Mary Kelly PhD,History,Term 1,2025,3,3,4,2,4,3,4,4,3,3
414,Ms. Mary Kelly PhD,History,Term 1,2025,3,3,2,1,2,3,3,4,3,2
415,Ms. Mary Kelly PhD,History,Term 1,2025,3,3,3,2,4,3,3,1,2,2
416,Ms. Mary Kelly PhD,History,Term 1,2025,3,4,3,3,1,3,2,4,2,3
417,Ms. Mary Kelly PhD,History,Term 1,2025,2,3,3,2,3,3,3,2,4,1
418,Ms. Mary Kelly PhD,History,Term 1,2025,3,3,4,2,4,4,2,3,2,3
419,Ms. Mary Kelly PhD,History,Term 1,2025,2,3,2,4,3,4,3,2,3,5
420,Ms. Mary Kelly PhD,History,Term 1,2025,3,3,3,2,3,3,3,2,2,2
421,Ms. Mary Kelly PhD,History,Term 1,2025,3,3,2,4,3,5,3,3,2,2
422,Ms. Mary Kelly PhD,History,Term 1,2025,2,2,2,2,4,3,3,2,3,1
423,Ms. Mary Kelly PhD,History,Term 1,2025,3,2,2,2,2,3,2,3,2,2
424,Ms. Mary Kelly PhD,History,Term 1,2025,2,2,3,3,4,2,3,2,3,3
425,Ms. Mary Kelly PhD,History,Term 1,2025,2,3,3,4,2,2,4,3,2,3
426,Ms. Mary Kelly PhD,History,Term 1,2025,1,3,2,3,3,3,1,3,1,4
427,Ms. Mary Kelly PhD,History,Term 1,2025,3,2,1,3,3,3,3,2,2,4
428,Ms. Mary Kelly PhD,History,Term 1,2025,2,3,2,3,4,4,3,3,3,1
429,Ms. Mary Kelly PhD,History,Term 1,2025,3,2,3,3,4,3,3,3,4,2
430,Ms. Mary Kelly PhD,History,Term 2,2025,3,1,4,2,3,2,3,2,2,4
431,Ms. Mary Kelly PhD,History,Term 2,2025,2,4,4,2,4,4,5,4,3,4
432,Ms. Mary Kelly PhD,History,Term 2,2025,3,4,2,2,2,3,3,3,3,3
433,Ms. Mary Kelly PhD,History,Term 2,2025,3,2,2,2,3,4,3,2,3,3
434,Ms. Mary Kelly PhD,History,Term 2,2025,3,4,3,3,3,3,2,3,3,2
435,Ms. Mary Kelly PhD,History,Term 2,2025,2,5,4,2,2,3,2,3,3,2
436,Ms. Mary Kelly PhD,History,Term 2,2025,2,2,2,2,2,4,3,3,3,3
437,Ms. Mary Kelly PhD,History,Term 2,2025,5,5,4,4,2,1,4,2,3,3
438,Ms. Mary Kelly PhD,History,Term 2,2025,3,3,2,3,3,4,3,3,3,3
439,Ms. Mary Kelly PhD,History,Term 2,2025,3,2,2,2,3,2,3,4,2,2
440,Ms. Mary Kelly PhD,History,Term 2,2025,2,2,1,3,2,3,4,2,3,4
441,Ms. Mary Kelly PhD,History,Term 2,2025,2,1,2,5,3,4,3,1,3,2
442,Ms. Mary Kelly PhD,History,Term 2,2025,4,2,4,4,2,3,3,4,3,3
443,Ms. Mary Kelly PhD,History,Term 2,2025,2,3,2,4,3,3,2,2,2,2
444,Ms. Mary Kelly PhD,History,Term 2,2025,3,2,2,2,2,2,4,3,3,4
445,Ms. Mary Kelly PhD,History,Term 2,2025,2,3,4,3,2,2,2,4,3,3
446,Ms. Mary Kelly PhD,History,Term 2,2025,3,2,1,1,4,3,4,3,3,2
447,Ms. Mary Kelly PhD,History,Term 2,2025,2,4,3,3,2,4,2,4,3,1
448,Ms. Mary Kelly PhD,History,Term 2,2025,3,3,2,3,1,3,3,4,5,3
449,Ms. Mary Kelly PhD,History,Term 2,2025,4,4,3,3,2,2,4,2,3,4
450,Ms. Mary Kelly PhD,History,Term 2,2025,2,3,4,2,2,2,4,4,4,3
451,Ms. Mary Kelly PhD,History,Term 2,2025,3,3,3,2,2,2,3,3,3,4
452,Ms. Mary Kelly PhD,History,Term 2,2025,3,3,4,2,3,3,3,2,4,1
453,Ms. Mary Kelly PhD,History,Term 2,2025,3,2,1,3,3,4,3,4,4,3
454,Ms. Mary Kelly PhD,History,Term 2,2025,2,3,4,2,3,1,4,2,3,3
455,Ms. Mary Kelly PhD,History,Term 2,2025,3,3,4,3,4,2,4,3,3,3
456,Ms. Mary Kelly PhD,History,Term 2,2025,4,2,3,2,2,3,2,4,4,2
457,Ms. Mary Kelly PhD,History,Term 2,2025,2,4,3,2,2,3,4,4,5,3
458,Ms. Mary Kelly PhD,History,Term 2,2025,1,5,2,2,4,4,4,3,1,3
459,Ms. Mary Kelly PhD,History,Term 3,2025,4,3,3,4,4,2,3,3,3,3
460,Ms. Mary Kelly PhD,History,Term 3,2025,3,2,3,3,2,2,3,3,4,4
461,Ms. Mary Kelly PhD,History,Term 3,2025,2,3,3,3,4,2,2,3,2,2
462,Ms. Mary Kelly PhD,History,Term 3,2025,1,4,3,1,4,3,2,3,2,3
463,Ms. Mary Kelly PhD,History,Term 3,2025,2,3,2,3,3,3,2,3,3,4
464,Ms. Mary Kelly PhD,History,Term 3,2025,3,3,3,2,2,2,4,3,3,2
465,Ms. Mary Kelly PhD,History,Term 3,2025,3,3,4,3,3,2,3,3,2,3
466,Ms. Mary Kelly PhD,History,Term 3,2025,2,1,3,4,1,3,4,1,3,2
467,Ms. Mary Kelly PhD,History,Term 3,2025,4,3,1,4,2,3,2,3,3,3
468,Ms. Mary Kelly PhD,History,Term 3,2025,2,2,3,4,1,3,3,3,3,1
469,Ms. Mary Kelly PhD,History,Term 3,2025,4,5,3,3,2,3,3,3,3,2
470,Ms. Mary Kelly PhD,History,Term 3,2025,4,4,2,3,3,2,2,2,4,4
471,Ms. Mary Kelly PhD,History,Term 3,2025,3,2,3,4,4,2,1,2,2,3
472,Ms. Mary Kelly PhD,History,Term 3,2025,3,3,3,3,2,2,3,3,2,3
473,Ms. Mary Kelly PhD,History,Term 3,2025,3,2,3,3,2,3,3,4,1,3
474,Ms. Mary Kelly PhD,History,Term 3,2025,2,3,4,4,4,3,3,2,4,2
475,Ms. Mary Kelly PhD,History,Term 3,2025,3,2,3,2,3,1,1,2,3,2
476,Ms. Mary Kelly PhD,History,Term 3,2025,1,4,4,3,2,3,3,3,3,3
477,Ms. Mary Kelly PhD,History,Term 3,2025,3,3,3,3,4,2,3,2,3,2
478,Ms. Mary Kelly PhD,History,Term 3,2025,3,4,3,2,2,3,4,3,2,3
479,Ms. Mary Kelly PhD,History,Term 3,2025,3,3,3,2,2,3,2,4,1,4
480,Ms. Mary Kelly PhD,History,Term 3,2025,4,3,2,4,3,2,3,4,4,2
481,Ms. Mary Kelly PhD,History,Term 3,2025,3,3,2,3,3,3,2,3,2,2
482,Ms. Mary Kelly PhD,History,Term 3,2025,3,3,3,3,3,4,3,5,3,3
483,Ms. Mary Kelly PhD,History,Term 3,2025,3,1,3,2,3,2,2,3,2,2
484,Ms. Mary Kelly PhD,History,Term 3,2025,3,4,3,5,4,3,3,3,3,3
485,Ms. Mary Kelly PhD,History,Term 3,2025,2,4,3,4,2,4,3,2,1,3
486,Ms. Mary Kelly PhD,History,Term 3,2025,3,3,3,2,4,3,1,3,1,1
487,Ms. Mary Kelly PhD,History,Term 3,2025,2,2,2,3,2,3,2,2,3,4
488,Ms. Mary Kelly PhD,History,Term 3,2025,2,2,3,3,3,3,2,3,4,3
489,Ms. Mary Kelly PhD,History,Term 3,2025,4,2,3,3,2,3,2,2,3,4
490,Ms. Mary Kelly PhD,History,Term 3,2025,3,3,3,2,3,3,3,3,3,4
491,Ms. Mary Kelly PhD,History,Term 3,2025,4,3,4,3,3,3,4,4,2,3
492,Ms. Mary Kelly PhD,History,Term 3,2025,3,2,2,3,2,3,2,3,4,4
493,Ms. Mary Kelly PhD,History,Term 3,2025,3,2,4,3,3,3,2,2,3,2
494,Eric Lane,Biology,Term 1,2023,4,5,5,4,5,4,5,3,4,4
495,Eric Lane,Biology,Term 1,2023,4,4,4,4,2,5,2,3,4,4
496,Eric Lane,Biology,Term 1,2023,5,4,5,5,3,4,4,5,3,5
497,Eric Lane,Biology,Term 1,2023,3,4,4,3,4,4,5,5,4,4
498,Eric Lane,Biology,Term 1,2023,3,3,4,3,2,4,4,3,4,4
499,Eric Lane,Biology,Term 1,2023,4,4,4,3,4,5,4,4,4,4
500,Eric Lane,Biology,Term 1,2023,3,4,4,4,5,4,4,3,4,3
501,Eric Lane,Biology,Term 1,2023,3,3,4,3,4,4,3,4,4,5
502,Eric Lane,Biology,Term 1,2023,3,5,4,4,2,1,4,3,3,4
503,Eric Lane,Biology,Term 1,2023,5,4,4,4,4,5,4,3,4,3
504,Eric Lane,Biology,Term 1,2023,5,4,4,5,5,3,2,3,4,4
505,Eric Lane,Biology,Term 1,2023,4,4,3,4,4,2,5,5,4,5
506,Eric Lane,Biology,Term 1,2023,4,4,3,5,5,3,3,5,5,4
507,Eric Lane,Biology,Term 1,2023,5,3,4,4,3,4,5,4,3,3
508,Eric Lane,Biology,Term 1,2023,3,3,4,5,3,4,3,4,5,3
509,Eric Lane,Biology,Term 1,2023,4,2,4,4,5,4,4,5,4,5
510,Eric Lane,Biology,Term 1,2023,5,4,3,2,3,5,4,4,4,4
511,Eric Lane,Biology,Term 1,2023,5,4,4,5,4,4,4,4,4,4
512,Eric Lane,Biology,Term 1,2023,4,4,4,5,5,3,5,5,4,2
513,Eric Lane,Biology,Term 1,2023,5,4,3,4,3,3,4,4,5,4
514,Eric Lane,Biology,Term 1,2023,4,3,4,2,4,5,5,5,3,4
515,Eric Lane,Biology,Term 1,2023,4,5,4,5,3,4,4,5,3,4
516,Eric Lane,Biology,Term 1,2023,4,2,4,4,5,4,4,4,4,4
517,Eric Lane,Biology,Term 1,2023,4,4,4,4,4,4,3,5,4,4
518,Eric Lane,Biology,Term 1,2023,4,5,4,4,4,4,4,5,4,4
519,Eric Lane,Biology,Term 1,2023,4,4,3,5,3,4,4,5,4,2
520,Eric Lane,Biology,Term 1,2023,4,4,4,3,2,5,5,3,4,4
521,Eric Lane,Biology,Term 1,2023,5,4,4,3,3,5,4,4,5,3
522,Eric Lane,Biology,Term 1,2023,3,4,5,5,2,3,5,3,2,4
523,Eric Lane,Biology,Term 1,2023,5,4,5,5,5,5,3,4,3,4
524,Eric Lane,Biology,Term 1,2023,5,5,4,5,3,5,5,5,4,3
525,Eric Lane,Biology,Term 2,2023,5,4,4,4,4,4,5,4,2,3
526,Eric Lane,Biology,Term 2,2023,4,4,2,4,4,3,4,5,4,3
527,Eric Lane,Biology,Term 2,2023,5,4,4,4,3,4,4,4,4,5
528,Eric Lane,Biology,Term 2,2023,5,4,4,3,4,4,4,3,3,4
529,Eric Lane,Biology,Term 2,2023,5,4,4,5,5,5,3,5,5,4
530,Eric Lane,Biology,Term 2,2023,3,3,4,4,4,3,4,4,3,4
531,Eric Lane,Biology,Term 2,2023,5,4,4,5,3,4,4,4,4,5
532,Eric Lane,Biology,Term 2,2023,4,4,4,4,5,5,4,5,5,4
533,Eric Lane,Biology,Term 2,2023,3,4,5,5,4,5,4,4,5,5
534,Eric Lane,Biology,Term 2,2023,3,3,4,5,5,4,2,5,4,4
535,Eric Lane,Biology,Term 2,2023,2,5,4,5,5,3,4,5,3,5
536,Eric Lane,Biology,Term 2,2023,3,3,3,5,4,2,3,3,4,3
537,Eric Lane,Biology,Term 2,2023,3,5,4,4,5,5,4,3,4,5
538,Eric Lane,Biology,Term 2,2023,3,3,4,4,4,4,4,4,4,3
539,Eric Lane,Biology,Term 2,2023,4,4,4,4,4,4,4,4,3,3
540,Eric Lane,Biology,Term 2,2023,5,4,3,3,5,5,4,4,4,3
541,Eric Lane,Biology,Term 2,2023,4,4,3,4,4,3,5,4,3,5
542,Eric Lane,Biology,Term 2,2023,5,3,4,4,4,4,2,4,5,4
543,Eric Lane,Biology,Term 2,2023,3,2,5,3,3,4,5,4,2,3
544,Eric Lane,Biology,Term 2,2023,5,4,3,5,4,4,4,5,4,2
545,Eric Lane,Biology,Term 2,2023,3,4,4,4,4,5,3,4,4,3
546,Eric Lane,Biology,Term 2,2023,4,5,4,4,5,4,4,4,3,4
547,Eric Lane,Biology,Term 2,2023,4,4,5,3,4,5,3,3,4,4
548,Eric Lane,Biology,Term 2,2023,4,3,5,4,5,5,4,3,4,4
549,Eric Lane,Biology,Term 2,2023,4,5,4,5,5,4,3,5,5,4
550,Eric Lane,Biology,Term 2,2023,3,4,4,3,3,5,3,3,5,3
551,Eric Lane,Biology,Term 2,2023,3,5,3,4,5,5,4,4,4,5
552,Eric Lane,Biology,Term 2,2023,5,4,4,3,3,2,4,3,3,5
553,Eric Lane,Biology,Term 2,2023,5,3,4,5,3,5,5,4,4,3
554,Eric Lane,Biology,Term 2,2023,4,4,5,4,4,5,5,4,4,4
555,Eric Lane,Biology,Term 3,2023,4,3,4,4,5,3,5,4,4,4
556,Eric Lane,Biology,Term 3,2023,5,5,5,3,4,3,2,4,5,4
557,Eric Lane,Biology,Term 3,2023,5,5,4,5,2,4,4,4,4,3
558,Eric Lane,Biology,Term 3,2023,5,5,5,3,4,5,4,5,4,4
559,Eric Lane,Biology,Term 3,2023,5,3,4,4,3,2,3,3,5,4
560,Eric Lane,Biology,Term 3,2023,5,3,4,3,4,5,4,3,5,5
561,Eric Lane,Biology,Term 3,2023,5,3,3,5,3,4,4,3,3,4
562,Eric Lane,Biology,Term 3,2023,5,4,3,4,2,4,4,4,5,4
563,Eric Lane,Biology,Term 3,2023,4,3,5,4,4,5,3,3,4,3
564,Eric Lane,Biology,Term 3,2023,4,4,3,2,4,4,5,5,3,3
565,Eric Lane,Biology,Term 3,2023,5,4,5,4,5,5,3,3,4,4
566,Eric Lane,Biology,Term 3,2023,4,3,4,4,4,5,3,5,4,5
567,Eric Lane,Biology,Term 3,2023,4,5,5,4,4,4,5,5,5,4
568,Eric Lane,Biology,Term 3,2023,3,3,3,5,4,4,3,3,4,3
569,Eric Lane,Biology,Term 3,2023,3,3,4,2,4,5,5,5,4,5
570,Eric Lane,Biology,Term 3,2023,4,4,4,3,2,5,3,4,4,4
571,Eric Lane,Biology,Term 3,2023,5,4,4,4,3,4,4,5,4,4
572,Eric Lane,Biology,Term 3,2023,5,3,5,4,4,3,4,4,5,4
573,Eric Lane,Biology,Term 3,2023,4,5,3,4,5,3,3,4,4,5
574,Eric Lane,Biology,Term 3,2023,4,4,4,5,3,4,5,4,4,3
575,Eric Lane,Biology,Term 3,2023,3,4,3,3,3,5,4,5,5,2
576,Eric Lane,Biology,Term 3,2023,4,4,3,4,3,4,4,3,5,4
577,Eric Lane,Biology,Term 1,2024,4,5,5,4,3,4,5,4,4,3
578,Eric Lane,Biology,Term 1,2024,5,4,3,5,4,2,3,5,5,5
579,Eric Lane,Biology,Term 1,2024,4,5,4,4,3,4,2,4,3,4
580,Eric Lane,Biology,Term 1,2024,3,4,5,4,4,4,2,4,4,4
581,Eric Lane,Biology,Term 1,2024,5,4,3,2,5,4,4,5,4,3
582,Eric Lane,Biology,Term 1,2024,4,4,3,5,4,5,4,3,4,4
583,Eric Lane,Biology,Term 1,2024,5,4,3,4,4,4,4,4,4,4
584,Eric Lane,Biology,Term 1,2024,3,3,5,4,4,3,4,5,4,3
585,Eric Lane,Biology,Term 1,2024,3,5,3,4,4,3,5,5,4,4
586,Eric Lane,Biology,Term 1,2024,3,4,4,5,4,4,4,4,4,4
587,Eric Lane,Biology,Term 1,2024,2,3,5,4,4,4,4,4,5,4
588,Eric Lane,Biology,Term 1,2024,3,3,4,5,4,5,4,4,4,4
589,Eric Lane,Biology,Term 1,2024,3,4,3,4,4,5,3,4,4,4
590,Eric Lane,Biology,Term 1,2024,5,3,2,4,5,4,5,5,3,4
591,Eric Lane,Biology,Term 1,2024,3,3,3,3,4,5,4,3,4,3
592,Eric Lane,Biology,Term 1,2024,5,5,3,4,3,4,5,2,5,5
593,Eric Lane,Biology,Term 1,2024,3,4,5,2,4,4,5,3,4,5
594,Eric Lane,Biology,Term 1,2024,3,5,3,4,3,2,5,5,4,3
595,Eric Lane,Biology,Term 1,2024,5,4,4,4,3,4,4,4,5,4
596,Eric Lane,Biology,Term 1,2024,5,4,4,4,5,4,4,5,5,5
597,Eric Lane,Biology,Term 1,2024,5,4,5,4,3,4,3,5,4,4
598,Eric Lane,Biology,Term 1,2024,4,4,3,5,4,4,4,3,3,5
599,Eric Lane,Biology,Term 1,2024,4,2,3,4,5,4,5,3,5,3
600,Eric Lane,Biology,Term 1,2024,4,4,5,3,4,5,3,5,2,3
601,Eric Lane,Biology,Term 1,2024,3,5,5,3,4,5,4,5,3,5
602,Eric Lane,Biology,Term 2,2024,3,4,4,4,3,4,3,3,4,3
603,Eric Lane,Biology,Term 2,2024,3,4,4,5,4,5,3,2,4,4
604,Eric Lane,Biology,Term 2,2024,3,4,5,4,5,5,5,4,4,5
605,Eric Lane,Biology,Term 2,2024,5,4,5,4,3,4,4,5,4,3
606,Eric Lane,Biology,Term 2,2024,4,4,3,5,5,2,5,4,4,4
607,Eric Lane,Biology,Term 2,2024,3,4,5,4,4,4,4,4,5,3
608,Eric Lane,Biology,Term 2,2024,3,4,4,4,3,4,4,4,4,4
609,Eric Lane,Biology,Term 2,2024,5,5,3,3,5,4,3,4,3,4
610,Eric Lane,Biology,Term 2,2024,4,3,4,4,4,4,4,3,4,4
611,Eric Lane,Biology,Term 2,2024,4,5,4,4,5,5,4,5,4,4
612,Eric Lane,Biology,Term 2,2024,5,3,5,4,3,3,5,3,3,4
613,Eric Lane,Biology,Term 2,2024,2,5,3,5,5,4,4,4,5,5
614,Eric Lane,Biology,Term 2,2024,2,5,4,5,4,3,3,4,2,3
615,Eric Lane,Biology,Term 2,2024,3,2,5,5,5,3,4,4,3,4
616,Eric Lane,Biology,Term 2,2024,3,3,3,3,5,3,5,5,4,4
617,Eric Lane,Biology,Term 2,2024,3,3,5,5,4,4,3,4,4,3
618,Eric Lane,Biology,Term 2,2024,3,3,3,3,5,5,5,4,4,5
619,Eric Lane,Biology,Term 2,2024,3,3,3,5,4,5,3,3,5,4
620,Eric Lane,Biology,Term 2,2024,3,3,4,5,4,2,4,5,4,4
621,Eric Lane,Biology,Term 2,2024,4,4,3,4,4,3,4,3,5,5
622,Eric Lane,Biology,Term 2,2024,4,4,4,3,4,4,4,5,3,3
623,Eric Lane,Biology,Term 2,2024,5,2,3,5,3,4,4,5,4,4
624,Eric Lane,Biology,Term 2,2024,4,4,3,3,5,3,4,5,2,3
625,Eric Lane,Biology,Term 2,2024,4,4,3,3,3,4,5,4,3,3
626,Eric Lane,Biology,Term 2,2024,4,4,4,4,4,5,5,4,4,4
627,Eric Lane,Biology,Term 2,2024,4,5,5,4,5,4,4,5,4,5
628,Eric Lane,Biology,Term 2,2024,4,4,3,4,5,5,2,4,4,4
629,Eric Lane,Biology,Term 2,2024,3,5,5,5,4,3,4,5,4,4
630,Eric Lane,Biology,Term 2,2024,4,3,3,4,4,5,3,2,3,4
631,Eric Lane,Biology,Term 2,2024,5,3,1,3,4,2,4,4,4,4
632,Eric Lane,Biology,Term 2,2024,4,3,3,4,5,3,5,3,4,4
633,Eric Lane,Biology,Term 3,2024,1,4,3,3,4,5,4,5,5,4
634,Eric Lane,Biology,Term 3,2024,4,4,5,3,5,5,4,5,5,3
635,Eric Lane,Biology,Term 3,2024,4,5,5,2,4,5,5,3,3,4
636,Eric Lane,Biology,Term 3,2024,4,4,4,4,4,4,5,4,5,4
637,Eric Lane,Biology,Term 3,2024,4,4,3,4,5,5,4,3,5,5
638,Eric Lane,Biology,Term 3,2024,4,4,5,4,4,4,5,5,2,5
639,Eric Lane,Biology,Term 3,2024,4,3,5,5,3,5,5,3,4,4
640,Eric Lane,Biology,Term 3,2024,4,4,4,4,4,5,5,5,3,5
641,Eric Lane,Biology,Term 3,2024,4,4,4,4,3,5,4,4,3,4
642,Eric Lane,Biology,Term 3,2024,4,5,4,3,4,5,4,3,5,4
643,Eric Lane,Biology,Term 3,2024,4,5,3,3,4,4,4,4,5,4
644,Eric Lane,Biology,Term 3,2024,4,5,4,3,5,5,4,3,4,4
645,Eric Lane,Biology,Term 3,2024,4,5,4,4,4,4,5,5,4,3
646,Eric Lane,Biology,Term 3,2024,3,4,3,4,4,5,5,4,4,4
647,Eric Lane,Biology,Term 3,2024,4,5,4,4,5,4,5,4,3,4
648,Eric Lane,Biology,Term 3,2024,3,4,5,5,5,3,3,5,3,4
649,Eric Lane,Biology,Term 3,2024,3,4,4,4,4,4,4,4,4,4
650,Eric Lane,Biology,Term 3,2024,5,3,3,5,5,4,4,4,4,4
651,Eric Lane,Biology,Term 3,2024,4,5,5,3,4,3,5,5,5,4
652,Eric Lane,Biology,Term 3,2024,4,3,5,4,4,5,4,3,5,5
653,Eric Lane,Biology,Term 3,2024,3,4,5,3,2,4,4,5,5,5
654,Eric Lane,Biology,Term 3,2024,3,4,4,5,2,5,5,4,5,5
655,Eric Lane,Biology,Term 3,2024,2,4,4,3,4,3,4,4,5,3
656,Eric Lane,Biology,Term 3,2024,5,3,5,4,4,3,4,4,4,3
657,Eric Lane,Biology,Term 3,2024,4,4,4,5,4,5,4,5,4,5
658,Eric Lane,Biology,Term 1,2025,4,3,4,4,5,3,3,4,4,5
659,Eric Lane,Biology,Term 1,2025,2,3,5,4,5,4,5,3,4,4
660,Eric Lane,Biology,Term 1,2025,3,4,4,4,4,3,4,4,4,5
661,Eric Lane,Biology,Term 1,2025,4,5,5,3,5,4,4,3,4,2
662,Eric Lane,Biology,Term 1,2025,3,3,4,5,4,4,4,4,3,5
663,Eric Lane,Biology,Term 1,2025,4,5,4,4,4,4,4,5,5,4
664,Eric Lane,Biology,Term 1,2025,4,5,3,4,4,3,3,3,4,4
665,Eric Lane,Biology,Term 1,2025,3,3,4,5,4,4,4,5,4,5
666,Eric Lane,Biology,Term 1,2025,3,5,3,4,4,3,5,3,3,4
667,Eric Lane,Biology,Term 1,2025,3,4,2,3,3,3,5,4,4,4
668,Eric Lane,Biology,Term 1,2025,5,3,4,3,4,4,3,3,5,5
669,Eric Lane,Biology,Term 1,2025,4,5,4,3,4,5,4,4,4,5
670,Eric Lane,Biology,Term 1,2025,5,3,4,4,5,3,3,4,4,3
671,Eric Lane,Biology,Term 1,2025,4,4,5,4,3,5,4,4,5,5
672,Eric Lane,Biology,Term 1,2025,4,3,4,4,3,5,5,5,4,3
673,Eric Lane,Biology,Term 1,2025,5,3,3,4,4,4,4,3,4,5
674,Eric Lane,Biology,Term 1,2025,5,5,4,3,3,5,4,3,5,4
675,Eric Lane,Biology,Term 1,2025,5,4,3,4,4,4,4,5,4,3
676,Eric Lane,Biology,Term 1,2025,4,5,4,3,3,4,2,5,4,2
677,Eric Lane,Biology,Term 1,2025,5,5,4,3,4,5,4,3,5,4
678,Eric Lane,Biology,Term 1,2025,3,3,4,4,5,5,4,5,4,3
679,Eric Lane,Biology,Term 1,2025,4,4,5,3,4,3,3,4,4,5
680,Eric Lane,Biology,Term 1,2025,5,3,4,3,3,4,4,3,4,4
681,Eric Lane,Biology,Term 1,2025,3,4,3,3,5,5,4,4,3,5
682,Eric Lane,Biology,Term 1,2025,4,3,4,4,4,3,4,5,5,4
683,Eric Lane,Biology,Term 1,2025,3,4,3,4,4,5,3,4,3,4
684,Eric Lane,Biology,Term 1,2025,5,3,5,4,4,5,4,3,3,5
685,Eric Lane,Biology,Term 1,2025,4,5,3,5,3,3,4,5,5,5
686,Eric Lane,Biology,Term 1,2025,4,3,3,5,5,3,4,4,3,3
687,Eric Lane,Biology,Term 1,2025,4,4,4,4,4,4,5,5,5,4
688,Eric Lane,Biology,Term 1,2025,3,3,5,5,3,5,4,4,5,4
689,Eric Lane,Biology,Term 1,2025,3,3,4,4,4,5,5,3,4,4
690,Eric Lane,Biology,Term 1,2025,4,3,3,3,2,3,5,4,4,3
691,Eric Lane,Biology,Term 1,2025,3,3,3,4,5,5,5,5,4,5
692,Eric Lane,Biology,Term 1,2025,3,4,4,5,4,4,5,3,4,4
693,Eric Lane,Biology,Term 1,2025,3,4,4,4,5,5,3,5,4,5
694,Eric Lane,Biology,Term 1,2025,5,3,3,4,5,4,4,4,3,4
695,Eric Lane,Biology,Term 1,2025,3,4,3,3,4,4,5,4,5,5
696,Eric Lane,Biology,Term 1,2025,4,4,5,5,4,5,4,3,4,3
697,Eric Lane,Biology,Term 2,2025,5,4,5,3,3,4,3,5,5,4
698,Eric Lane,Biology,Term 2,2025,5,5,4,4,4,5,4,3,3,4
699,Eric Lane,Biology,Term 2,2025,4,3,5,4,5,3,5,3,4,4
700,Eric Lane,Biology,Term 2,2025,4,5,4,3,3,4,4,4,3,5
701,Eric Lane,Biology,Term 2,2025,3,4,3,3,4,4,3,4,5,5
702,Eric Lane,Biology,Term 2,2025,5,4,4,3,4,5,2,4,3,4
703,Eric Lane,Biology,Term 2,2025,5,3,3,5,4,4,5,5,4,4
704,Eric Lane,Biology,Term 2,2025,2,3,3,4,5,4,4,5,4,4
705,Eric Lane,Biology,Term 2,2025,3,5,5,4,4,5,4,5,4,5
706,Eric Lane,Biology,Term 2,2025,4,4,4,5,5,2,4,4,3,4
707,Eric Lane,Biology,Term 2,2025,4,5,4,3,4,5,5,3,4,4
708,Eric Lane,Biology,Term 2,2025,4,4,4,4,5,3,4,4,5,4
709,Eric Lane,Biology,Term 2,2025,4,4,4,3,5,3,3,4,5,4
710,Eric Lane,Biology,Term 2,2025,4,4,4,3,5,3,5,4,5,5
711,Eric Lane,Biology,Term 2,2025,4,5,5,4,3,3,4,4,4,5
712,Eric Lane,Biology,Term 2,2025,4,5,3,4,4,3,4,5,4,5
713,Eric Lane,Biology,Term 2,2025,4,5,4,4,4,3,4,3,5,3
714,Eric Lane,Biology,Term 2,2025,4,5,3,5,5,4,4,5,3,5
715,Eric Lane,Biology,Term 2,2025,3,4,5,5,4,5,3,4,4,4
716,Eric Lane,Biology,Term 2,2025,5,5,4,5,5,4,5,4,4,4
717,Eric Lane,Biology,Term 2,2025,5,3,4,5,4,3,5,3,5,5
718,Eric Lane,Biology,Term 2,2025,4,4,3,5,4,5,2,4,4,3
719,Eric Lane,Biology,Term 2,2025,4,5,4,4,3,3,2,3,4,3
720,Eric Lane,Biology,Term 2,2025,5,4,5,3,4,5,4,4,4,4
721,Eric Lane,Biology,Term 2,2025,4,4,4,4,4,4,5,5,4,4
722,Eric Lane,Biology,Term 2,2025,4,5,3,4,3,5,5,4,4,5
723,Eric Lane,Biology,Term 2,2025,4,4,4,4,4,5,4,4,4,5
724,Eric Lane,Biology,Term 2,2025,3,3,2,5,4,4,4,3,4,5
725,Eric Lane,Biology,Term 2,2025,5,4,5,5,4,4,4,3,4,4
726,Eric Lane,Biology,Term 2,2025,4,3,2,2,4,4,5,5,3,3
727,Eric Lane,Biology,Term 2,2025,4,4,5,5,4,4,3,3,5,3
728,Eric Lane,Biology,Term 2,2025,4,3,3,4,4,4,5,4,3,4
729,Eric Lane,Biology,Term 2,2025,5,3,3,3,5,2,3,3,4,3
730,Eric Lane,Biology,Term 2,2025,4,4,3,4,3,5,5,3,4,4
731,Eric Lane,Biology,Term 2,2025,4,4,3,5,5,4,3,4,4,4
732,Eric Lane,Biology,Term 2,2025,4,4,5,3,5,4,5,5,4,4
733,Eric Lane,Biology,Term 2,2025,3,4,4,4,5,3,4,3,4,4
734,Eric Lane,Biology,Term 2,2025,2,4,5,4,3,4,4,4,3,3
735,Eric Lane,Biology,Term 3,2025,4,4,3,5,4,4,4,5,5,5
736,Eric Lane,Biology,Term 3,2025,3,5,4,4,4,4,4,5,4,4
737,Eric Lane,Biology,Term 3,2025,3,4,5,4,4,3,5,4,5,5
738,Eric Lane,Biology,Term 3,2025,4,5,5,4,4,3,4,4,4,4
739,Eric Lane,Biology,Term 3,2025,3,5,5,5,5,5,4,4,3,5
740,Eric Lane,Biology,Term 3,2025,4,3,3,3,4,5,3,4,3,3
741,Eric Lane,Biology,Term 3,2025,3,5,3,3,4,4,4,3,4,4
742,Eric Lane,Biology,Term 3,2025,4,3,4,5,4,5,4,4,3,2
743,Eric Lane,Biology,Term 3,2025,3,4,3,4,3,5,3,3,3,5
744,Eric Lane,Biology,Term 3,2025,5,4,3,2,3,4,4,5,4,3
745,Eric Lane,Biology,Term 3,2025,5,3,4,5,4,4,5,3,3,3
746,Eric Lane,Biology,Term 3,2025,3,5,5,4,5,3,4,4,3,4
747,Eric Lane,Biology,Term 3,2025,4,4,4,5,4,5,5,4,4,5
748,Eric Lane,Biology,Term 3,2025,4,4,3,4,4,5,4,4,4,4
749,Eric Lane,Biology,Term 3,2025,5,4,4,4,4,5,5,3,5,3
750,Eric Lane,Biology,Term 3,2025,4,4,3,5,4,5,4,3,4,5
751,Eric Lane,Biology,Term 3,2025,4,3,4,4,4,3,5,5,4,3
752,Eric Lane,Biology,Term 3,2025,5,4,3,4,4,5,5,4,5,4
753,Eric Lane,Biology,Term 3,2025,3,4,3,5,5,4,3,4,3,5
754,Eric Lane,Biology,Term 3,2025,5,4,3,3,3,3,3,4,5,3
755,Eric Lane,Biology,Term 3,2025,3,4,5,5,5,3,4,2,3,4
756,Eric Lane,Biology,Term 3,2025,3,3,3,5,3,5,3,5,3,3
757,Eric Lane,Biology,Term 3,2025,4,4,5,3,4,4,4,4,5,5
758,Eric Lane,Biology,Term 3,2025,4,5,4,4,4,4,5,4,3,3
759,Eric Lane,Biology,Term 3,2025,4,3,4,3,4,3,4,3,4,5
760,Eric Lane,Biology,Term 3,2025,4,4,5,5,3,5,5,4,3,3
761,Eric Lane,Biology,Term 3,2025,2,5,5,4,5,4,4,4,4,4
762,Joshua Diaz,History,Term 1,2023,3,3,5,5,5,4,3,4,3,5
763,Joshua Diaz,History,Term 1,2023,3,4,5,4,5,3,5,4,4,3
764,Joshua Diaz,History,Term 1,2023,5,3,4,5,5,5,4,5,4,4
765,Joshua Diaz,History,Term 1,2023,5,4,3,5,5,3,3,4,5,4
766,Joshua Diaz,History,Term 1,2023,4,3,4,5,4,4,4,3,3,2
767,Joshua Diaz,History,Term 1,2023,3,4,3,4,3,4,4,4,5,2
768,Joshua Diaz,History,Term 1,2023,4,5,4,3,4,4,5,5,4,3
769,Joshua Diaz,History,Term 1,2023,4,4,4,4,4,3,4,4,4,4
770,Joshua Diaz,History,Term 1,2023,3,3,5,5,4,4,3,3,3,4
771,Joshua Diaz,History,Term 1,2023,4,4,4,4,2,5,4,4,4,4
772,Joshua Diaz,History,Term 1,2023,4,3,4,5,4,4,5,5,5,3
773,Joshua Diaz,History,Term 1,2023,3,3,3,3,5,5,4,5,3,5
774,Joshua Diaz,History,Term 1,2023,5,4,4,4,5,4,4,4,4,5
775,Joshua Diaz,History,Term 1,2023,3,4,4,4,4,4,5,5,5,5
776,Joshua Diaz,History,Term 1,2023,5,5,4,4,3,5,3,4,4,3
777,Joshua Diaz,History,Term 1,2023,4,4,4,4,3,4,3,3,5,4
778,Joshua Diaz,History,Term 1,2023,4,2,4,5,2,4,3,5,4,4
779,Joshua Diaz,History,Term 1,2023,5,4,4,4,4,3,3,3,4,5
780,Joshua Diaz,History,Term 1,2023,5,4,4,5,5,2,4,4,4,4
781,Joshua Diaz,History,Term 1,2023,5,3,4,3,3,4,3,4,5,3
782,Joshua Diaz,History,Term 1,2023,5,5,4,4,5,4,4,4,4,4
783,Joshua Diaz,History,Term 1,2023,5,4,4,4,4,5,5,3,5,4
784,Joshua Diaz,History,Term 1,2023,5,5,4,5,4,4,2,3,4,4
785,Joshua Diaz,History,Term 1,2023,3,3,4,4,4,5,4,4,5,3
786,Joshua Diaz,History,Term 1,2023,5,3,4,3,5,4,4,3,5,5
787,Joshua Diaz,History,Term 1,2023,3,4,4,4,4,5,4,4,5,5
788,Joshua Diaz,History,Term 1,2023,5,5,3,4,3,4,3,4,5,4
789,Joshua Diaz,History,Term 1,2023,4,3,3,3,4,4,4,3,4,4
790,Joshua Diaz,History,Term 1,2023,3,4,4,4,5,4,5,4,4,3
791,Joshua Diaz,History,Term 1,2023,4,3,4,5,4,3,5,4,4,5
792,Joshua Diaz,History,Term 1,2023,3,3,5,5,4,3,5,2,4,3
793,Joshua Diaz,History,Term 1,2023,4,4,3,4,4,4,4,4,4,5
794,Joshua Diaz,History,Term 1,2023,5,4,4,3,2,4,5,4,5,4
795,Joshua Diaz,History,Term 1,2023,4,4,5,4,3,3,5,4,4,3
796,Joshua Diaz,History,Term 1,2023,5,3,5,3,3,4,5,5,4,5
797,Joshua Diaz,History,Term 2,2023,4,4,2,3,5,3,4,4,3,4
798,Joshua Diaz,History,Term 2,2023,4,3,4,3,4,5,5,4,3,5
799,Joshua Diaz,History,Term 2,2023,4,4,4,4,5,5,4,5,4,5
800,Joshua Diaz,History,Term 2,2023,4,2,5,4,5,4,3,4,3,3
801,Joshua Diaz,History,Term 2,2023,4,5,5,4,5,4,5,5,4,3
802,Joshua Diaz,History,Term 2,2023,5,4,4,3,5,4,3,4,4,4
803,Joshua Diaz,History,Term 2,2023,4,4,5,4,4,4,5,5,2,3
804,Joshua Diaz,History,Term 2,2023,3,4,5,4,4,3,5,3,5,4
805,Joshua Diaz,History,Term 2,2023,5,3,3,5,5,4,3,2,5,4
806,Joshua Diaz,History,Term 2,2023,4,3,4,5,3,5,5,5,4,5
807,Joshua Diaz,History,Term 2,2023,3,4,4,4,4,5,4,3,3,5
808,Joshua Diaz,History,Term 2,2023,4,4,4,4,4,5,5,5,4,3
809,Joshua Diaz,History,Term 2,2023,3,5,4,4,3,4,5,5,3,5
810,Joshua Diaz,History,Term 2,2023,3,5,5,4,4,4,5,4,4,4
811,Joshua Diaz,History,Term 2,2023,4,4,4,5,4,4,4,4,3,2
812,Joshua Diaz,History,Term 2,2023,3,3,5,3,5,3,5,5,5,5
813,Joshua Diaz,History,Term 2,2023,3,5,3,5,4,4,4,4,4,4
814,Joshua Diaz,History,Term 2,2023,3,4,5,4,5,3,4,5,4,4
815,Joshua Diaz,History,Term 2,2023,5,2,4,4,5,5,5,4,4,4
816,Joshua Diaz,History,Term 2,2023,5,4,4,4,5,4,4,4,5,3
817,Joshua Diaz,History,Term 2,2023,5,2,4,4,5,2,4,3,5,5
818,Joshua Diaz,History,Term 2,2023,4,2,5,5,5,4,4,4,2,4
819,Joshua Diaz,History,Term 2,2023,3,4,3,5,4,2,2,3,5,5
820,Joshua Diaz,History,Term 2,2023,3,4,3,4,4,5,3,5,5,4
821,Joshua Diaz,History,Term 2,2023,3,4,3,4,3,4,4,4,5,4
822,Joshua Diaz,History,Term 2,2023,3,3,4,4,4,4,5,4,4,5
823,Joshua Diaz,History,Term 2,2023,4,3,5,4,3,4,5,3,5,4
824,Joshua Diaz,History,Term 3,2023,4,4,4,4,5,4,4,3,4,3
825,Joshua Diaz,History,Term 3,2023,4,3,4,3,5,3,4,4,4,5
826,Joshua Diaz,History,Term 3,2023,4,3,5,3,4,4,5,4,4,4
827,Joshua Diaz,History,Term 3,2023,3,5,3,5,3,5,3,5,5,4
828,Joshua Diaz,History,Term 3,2023,4,5,4,5,4,5,3,4,3,5
829,Joshua Diaz,History,Term 3,2023,5,4,5,5,5,5,5,5,4,4
830,Joshua Diaz,History,Term 3,2023,4,4,4,5,4,4,4,2,3,4
831,Joshua Diaz,History,Term 3,2023,4,4,4,4,4,3,4,4,4,4
832,Joshua Diaz,History,Term 3,2023,5,4,4,3,3,4,3,5,4,3
833,Joshua Diaz,History,Term 3,2023,3,5,2,4,4,5,3,4,4,4
834,Joshua Diaz,History,Term 3,2023,5,4,5,4,5,5,5,3,5,4
835,Joshua Diaz,History,Term 3,2023,4,5,4,3,4,5,4,4,4,4
836,Joshua Diaz,History,Term 3,2023,4,4,4,5,5,4,4,4,3,3
837,Joshua Diaz,History,Term 3,2023,4,5,5,4,5,4,4,3,5,4
838,Joshua Diaz,History,Term 3,2023,5,4,3,3,4,4,5,5,3,3
839,Joshua Diaz,History,Term 3,2023,5,5,5,5,4,4,5,3,4,4
840,Joshua Diaz,History,Term 3,2023,5,3,4,3,4,3,4,4,4,4
841,Joshua Diaz,History,Term 3,2023,4,5,4,5,3,4,5,5,3,2
842,Joshua Diaz,History,Term 3,2023,5,4,4,4,4,4,4,4,2,3
843,Joshua Diaz,History,Term 3,2023,5,5,4,5,4,3,3,4,3,3
844,Joshua Diaz,History,Term 3,2023,3,4,4,4,4,4,5,4,3,3
845,Joshua Diaz,History,Term 3,2023,4,4,4,4,4,3,3,5,2,3
846,Joshua Diaz,History,Term 3,2023,3,3,4,3,5,4,4,4,3,3
847,Joshua Diaz,History,Term 3,2023,5,4,4,4,4,3,4,5,4,5
848,Joshua Diaz,History,Term 1,2024,4,4,4,2,3,4,5,4,4,3
849,Joshua Diaz,History,Term 1,2024,5,3,5,4,4,5,5,3,5,3
850,Joshua Diaz,History,Term 1,2024,4,2,4,4,5,4,4,5,5,5
851,Joshua Diaz,History,Term 1,2024,5,4,5,3,3,4,4,5,4,5
852,Joshua Diaz,History,Term 1,2024,4,4,3,4,5,5,3,5,4,4
853,Joshua Diaz,History,Term 1,2024,3,4,4,5,5,4,4,5,4,5
854,Joshua Diaz,History,Term 1,2024,5,4,5,4,4,4,3,4,5,4
855,Joshua Diaz,History,Term 1,2024,4,3,4,4,4,4,4,3,2,3
856,Joshua Diaz,History,Term 1,2024,2,5,5,3,3,4,4,3,3,4
857,Joshua Diaz,History,Term 1,2024,3,3,4,4,4,4,5,4,5,3
858,Joshua Diaz,History,Term 1,2024,1,3,4,3,5,4,4,4,5,4
859,Joshua Diaz,History,Term 1,2024,4,5,5,5,5,2,3,5,4,5
860,Joshua Diaz,History,Term 1,2024,5,4,4,4,4,3,4,4,4,5
861,Joshua Diaz,History,Term 1,2024,5,5,5,5,3,3,4,4,4,3
862,Joshua Diaz,History,Term 1,2024,4,4,4,5,4,3,4,5,4,3
863,Joshua Diaz,History,Term 1,2024,5,4,3,3,5,4,5,5,4,4
864,Joshua Diaz,History,Term 1,2024,4,3,5,4,3,5,4,4,4,3
865,Joshua Diaz,History,Term 1,2024,3,5,4,2,3,4,3,4,4,5
866,Joshua Diaz,History,Term 1,2024,5,3,3,5,4,5,5,3,5,5
867,Joshua Diaz,History,Term 1,2024,4,5,4,4,4,3,5,3,3,4
868,Joshua Diaz,History,Term 1,2024,3,4,4,5,5,4,3,4,4,5
869,Joshua Diaz,History,Term 1,2024,4,4,5,5,4,3,4,5,4,4
870,Joshua Diaz,History,Term 1,2024,4,3,4,3,4,4,4,5,5,5
871,Joshua Diaz,History,Term 1,2024,4,4,2,4,3,4,5,5,5,3
872,Joshua Diaz,History,Term 1,2024,3,5,2,5,4,4,4,5,3,4
873,Joshua Diaz,History,Term 1,2024,5,3,5,4,2,4,4,4,5,5
874,Joshua Diaz,History,Term 1,2024,4,5,4,4,3,2,3,4,3,3
875,Joshua Diaz,History,Term 2,2024,5,4,4,3,3,3,5,4,4,3
876,Joshua Diaz,History,Term 2,2024,5,5,5,5,3,3,5,3,4,5
877,Joshua Diaz,History,Term 2,2024,5,3,4,4,3,5,4,3,4,4
878,Joshua Diaz,History,Term 2,2024,4,5,4,4,4,4,3,5,4,4
879,Joshua Diaz,History,Term 2,2024,4,4,3,3,4,3,4,4,5,4
880,Joshua Diaz,History,Term 2,2024,5,5,5,3,5,3,3,3,4,4
881,Joshua Diaz,History,Term 2,2024,5,3,4,3,3,4,4,4,3,4
882,Joshua Diaz,History,Term 2,2024,5,4,4,4,3,4,5,3,4,4
883,Joshua Diaz,History,Term 2,2024,5,5,4,3,5,3,4,4,4,3
884,Joshua Diaz,History,Term 2,2024,5,4,4,4,4,4,3,3,4,5
885,Joshua Diaz,History,Term 2,2024,5,4,5,5,4,4,4,3,3,4
886,Joshua Diaz,History,Term 2,2024,4,4,4,3,5,5,4,4,5,5
887,Joshua Diaz,History,Term 2,2024,4,4,3,4,4,3,5,4,4,4
888,Joshua Diaz,History,Term 2,2024,5,4,4,3,5,5,3,4,4,5
889,Joshua Diaz,History,Term 2,2024,4,4,4,4,5,4,3,4,4,5
890,Joshua Diaz,History,Term 2,2024,4,3,3,4,4,3,4,4,4,4
891,Joshua Diaz,History,Term 2,2024,5,2,3,4,5,3,5,3,4,4
892,Joshua Diaz,History,Term 2,2024,5,5,3,4,3,4,4,5,4,4
893,Joshua Diaz,History,Term 2,2024,4,2,4,4,4,4,3,3,4,4
894,Joshua Diaz,History,Term 2,2024,4,4,5,4,5,4,5,5,5,2
895,Joshua Diaz,History,Term 2,2024,4,5,3,3,5,3,3,5,4,3
896,Joshua Diaz,History,Term 2,2024,3,5,4,5,4,4,3,5,3,5
897,Joshua Diaz,History,Term 2,2024,3,3,4,3,4,5,5,4,4,4
898,Joshua Diaz,History,Term 2,2024,4,2,4,3,4,4,4,4,4,3
899,Joshua Diaz,History,Term 2,2024,5,4,4,4,4,5,4,5,3,5
900,Joshua Diaz,History,Term 2,2024,4,4,3,4,4,4,3,4,4,4
901,Joshua Diaz,History,Term 2,2024,4,4,4,5,4,4,3,3,5,4
902,Joshua Diaz,History,Term 2,2024,4,5,4,3,5,5,4,5,5,4
903,Joshua Diaz,History,Term 2,2024,4,4,4,4,5,5,4,4,4,5
904,Joshua Diaz,History,Term 2,2024,4,4,4,5,4,3,5,3,3,4
905,Joshua Diaz,History,Term 2,2024,4,3,4,4,3,4,4,5,3,5
906,Joshua Diaz,History,Term 2,2024,3,4,4,3,5,4,4,4,4,4
907,Joshua Diaz,History,Term 2,2024,3,4,3,4,2,4,5,4,3,2
908,Joshua Diaz,History,Term 2,2024,4,5,4,5,4,4,4,4,5,5
909,Joshua Diaz,History,Term 2,2024,4,5,4,4,4,5,4,4,4,4
910,Joshua Diaz,History,Term 2,2024,5,3,5,5,5,4,4,4,5,5
911,Joshua Diaz,History,Term 2,2024,3,3,4,4,5,4,5,4,3,5
912,Joshua Diaz,History,Term 2,2024,4,5,5,5,4,3,5,3,5,4
913,Joshua Diaz,History,Term 3,2024,4,4,4,4,4,4,3,3,4,2
914,Joshua Diaz,History,Term 3,2024,3,5,5,5,5,4,4,4,5,3
915,Joshua Diaz,History,Term 3,2024,5,4,3,5,3,5,4,5,5,5
916,Joshua Diaz,History,Term 3,2024,3,4,4,5,4,3,3,4,3,4
917,Joshua Diaz,History,Term 3,2024,4,4,5,3,2,4,3,5,4,4
918,Joshua Diaz,History,Term 3,2024,3,4,5,5,4,3,4,4,5,4
919,Joshua Diaz,History,Term 3,2024,4,4,4,4,4,4,4,2,5,5
920,Joshua Diaz,History,Term 3,2024,4,5,4,4,3,4,3,4,5,4
921,Joshua Diaz,History,Term 3,2024,4,4,3,4,3,5,5,5,5,5
922,Joshua Diaz,History,Term 3,2024,4,5,4,4,4,5,4,4,4,3
923,Joshua Diaz,History,Term 3,2024,5,5,3,4,3,3,5,5,4,4
924,Joshua Diaz,History,Term 3,2024,4,4,5,5,5,4,3,4,4,3
925,Joshua Diaz,History,Term 3,2024,5,5,4,5,4,3,5,5,4,4
926,Joshua Diaz,History,Term 3,2024,5,4,5,5,4,5,4,5,4,5
927,Joshua Diaz,History,Term 3,2024,5,3,4,5,4,5,4,3,5,5
928,Joshua Diaz,History,Term 3,2024,3,4,4,5,5,4,3,4,4,4
929,Joshua Diaz,History,Term 3,2024,5,5,5,5,4,4,3,4,3,5
930,Joshua Diaz,History,Term 3,2024,5,3,4,4,4,4,4,4,4,4
931,Joshua Diaz,History,Term 3,2024,5,4,4,4,4,3,4,5,3,4
932,Joshua Diaz,History,Term 3,2024,5,4,4,5,4,5,4,3,4,4
933,Joshua Diaz,History,Term 3,2024,5,5,5,4,4,4,3,5,5,3
934,Joshua Diaz,History,Term 3,2024,4,4,4,5,4,4,4,5,5,4
935,Joshua Diaz,History,Term 3,2024,3,5,4,4,5,5,5,5,2,4
936,Joshua Diaz,History,Term 3,2024,5,4,5,3,5,4,4,3,5,3
937,Joshua Diaz,History,Term 1,2025,3,5,5,4,3,4,4,4,5,3
938,Joshua Diaz,History,Term 1,2025,3,5,3,4,4,4,5,4,3,4
939,Joshua Diaz,History,Term 1,2025,5,4,5,4,4,4,4,4,5,4
940,Joshua Diaz,History,Term 1,2025,4,5,4,5,4,3,4,4,4,5
941,Joshua Diaz,History,Term 1,2025,3,2,4,4,4,4,3,3,4,5
942,Joshua Diaz,History,Term 1,2025,5,4,4,4,5,3,5,5,3,5
943,Joshua Diaz,History,Term 1,2025,5,5,3,3,5,4,3,5,4,4
944,Joshua Diaz,History,Term 1,2025,5,5,4,5,3,4,5,5,4,5
945,Joshua Diaz,History,Term 1,2025,4,4,3,4,3,4,3,2,4,5
946,Joshua Diaz,History,Term 1,2025,3,2,4,3,3,4,4,3,4,4
947,Joshua Diaz,History,Term 1,2025,4,4,4,3,4,5,4,5,4,4
948,Joshua Diaz,History,Term 1,2025,4,5,5,4,4,4,4,4,4,5
949,Joshua Diaz,History,Term 1,2025,3,4,4,4,5,4,3,5,5,5
950,Joshua Diaz,History,Term 1,2025,4,3,4,3,5,4,5,5,3,5
951,Joshua Diaz,History,Term 1,2025,4,4,4,4,4,5,5,5,4,3
952,Joshua Diaz,History,Term 1,2025,5,4,4,5,3,4,4,5,4,3
953,Joshua Diaz,History,Term 1,2025,4,3,4,5,4,3,4,4,3,5
954,Joshua Diaz,History,Term 1,2025,4,4,4,5,5,4,5,4,5,3
955,Joshua Diaz,History,Term 1,2025,4,3,4,3,3,4,3,4,5,3
956,Joshua Diaz,History,Term 1,2025,4,3,5,4,5,4,4,4,3,3
957,Joshua Diaz,History,Term 1,2025,4,4,3,4,4,5,4,4,3,4
958,Joshua Diaz,History,Term 1,2025,3,4,4,5,5,4,2,5,5,3
959,Joshua Diaz,History,Term 1,2025,5,4,4,4,5,4,3,5,4,4
960,Joshua Diaz,History,Term 1,2025,5,4,4,4,4,5,4,5,3,3
961,Joshua Diaz,History,Term 1,2025,3,4,5,5,5,4,4,5,4,4
962,Joshua Diaz,History,Term 1,2025,5,4,5,4,3,3,4,4,4,4
963,Joshua Diaz,History,Term 1,2025,4,5,4,5,4,4,4,4,3,5
964,Joshua Diaz,History,Term 1,2025,5,4,4,5,4,5,5,3,3,4
965,Joshua Diaz,History,Term 1,2025,5,4,5,3,3,4,3,4,4,5
966,Joshua Diaz,History,Term 1,2025,5,4,5,5,4,5,5,5,4,4
967,Joshua Diaz,History,Term 1,2025,3,4,4,4,4,3,5,4,4,5
968,Joshua Diaz,History,Term 1,2025,5,4,4,4,4,4,5,3,4,4
969,Joshua Diaz,History,Term 1,2025,5,4,4,3,4,5,5,3,3,4
970,Joshua Diaz,History,Term 1,2025,4,5,5,5,5,4,3,5,4,4
971,Joshua Diaz,History,Term 1,2025,4,4,3,4,4,4,3,3,4,5
972,Joshua Diaz,History,Term 1,2025,5,4,3,5,5,5,5,5,5,4
973,Joshua Diaz,History,Term 1,2025,3,4,4,3,2,4,4,4,5,5
974,Joshua Diaz,History,Term 1,2025,5,5,4,4,3,5,3,4,4,4
975,Joshua Diaz,History,Term 1,2025,4,3,5,5,5,5,5,4,4,5
976,Joshua Diaz,History,Term 2,2025,4,4,5,4,5,4,4,5,3,4
977,Joshua Diaz,History,Term 2,2025,5,3,4,5,5,5,2,4,5,5
978,Joshua Diaz,History,Term 2,2025,3,3,4,3,4,4,5,4,5,5
979,Joshua Diaz,History,Term 2,2025,4,4,5,5,5,4,3,4,4,5
980,Joshua Diaz,History,Term 2,2025,5,4,5,3,4,5,5,3,3,5
981,Joshua Diaz,History,Term 2,2025,5,4,4,4,4,3,4,4,5,5
982,Joshua Diaz,History,Term 2,2025,4,3,4,4,5,3,4,4,3,5
983,Joshua Diaz,History,Term 2,2025,2,4,4,5,5,3,3,3,4,3
984,Joshua Diaz,History,Term 2,2025,4,3,3,5,5,3,2,5,4,4
985,Joshua Diaz,History,Term 2,2025,3,4,4,5,5,4,5,4,4,3
986,Joshua Diaz,History,Term 2,2025,3,3,5,4,5,3,4,4,4,3
987,Joshua Diaz,History,Term 2,2025,5,3,4,5,4,5,4,5,4,2
988,Joshua Diaz,History,Term 2,2025,3,3,4,3,5,4,4,4,5,3
989,Joshua Diaz,History,Term 2,2025,5,4,5,5,4,4,5,3,3,4
990,Joshua Diaz,History,Term 2,2025,4,3,3,4,5,3,3,5,5,4
991,Joshua Diaz,History,Term 2,2025,5,4,4,3,4,3,3,5,4,5
992,Joshua Diaz,History,Term 2,2025,3,5,5,4,5,3,5,4,3,3
993,Joshua Diaz,History,Term 2,2025,3,5,4,2,3,3,5,4,3,4
994,Joshua Diaz,History,Term 2,2025,4,4,4,4,5,4,5,4,5,5
995,Joshua Diaz,History,Term 2,2025,4,4,5,4,4,5,4,5,4,4
996,Joshua Diaz,History,Term 2,2025,4,3,5,4,5,5,4,3,3,5
997,Joshua Diaz,History,Term 2,2025,4,3,3,5,4,4,4,4,5,4
998,Joshua Diaz,History,Term 2,2025,5,3,5,4,3,5,4,5,2,3
999,Joshua Diaz,History,Term 2,2025,4,4,5,5,2,4,4,4,5,5
1000,Joshua Diaz,History,Term 2,2025,5,4,5,3,4,5,3,4,5,5
1001,Joshua Diaz,History,Term 2,2025,5,4,5,5,4,4,5,4,4,4
1002,Joshua Diaz,History,Term 2,2025,3,3,3,4,5,3,4,4,2,4
1003,Joshua Diaz,History,Term 2,2025,5,3,4,5,3,4,5,2,4,4
1004,Joshua Diaz,History,Term 2,2025,5,5,3,3,3,5,4,5,3,3
1005,Joshua Diaz,History,Term 2,2025,5,4,5,5,4,5,3,5,4,2
1006,Joshua Diaz,History,Term 2,2025,4,4,5,3,4,3,2,3,4,4
1007,Joshua Diaz,History,Term 2,2025,4,4,3,4,3,4,2,4,4,5
1008,Joshua Diaz,History,Term 2,2025,4,5,3,4,3,4,5,3,4,4
1009,Joshua Diaz,History,Term 2,2025,5,3,3,3,3,4,4,5,5,3
1010,Joshua Diaz,History,Term 2,2025,4,3,5,2,4,4,4,4,5,4
1011,Joshua Diaz,History,Term 2,2025,5,5,3,2,4,5,5,4,4,5
1012,Joshua Diaz,History,Term 2,2025,3,4,5,4,3,4,4,3,4,5
1013,Joshua Diaz,History,Term 2,2025,5,4,3,2,4,3,4,4,5,3
1014,Joshua Diaz,History,Term 3,2025,3,4,4,5,5,4,5,3,3,4
1015,Joshua Diaz,History,Term 3,2025,4,2,5,2,4,5,4,5,3,4
1016,Joshua Diaz,History,Term 3,2025,5,4,4,4,4,4,3,3,4,5
1017,Joshua Diaz,History,Term 3,2025,5,5,4,4,4,3,5,3,3,3
1018,Joshua Diaz,History,Term 3,2025,3,4,3,3,5,4,4,4,4,3
1019,Joshua Diaz,History,Term 3,2025,4,4,3,4,2,4,5,5,3,4
1020,Joshua Diaz,History,Term 3,2025,5,5,4,3,5,5,5,5,3,4
1021,Joshua Diaz,History,Term 3,2025,4,5,4,5,4,4,5,4,4,3
1022,Joshua Diaz,History,Term 3,2025,3,3,4,3,3,4,5,3,4,5
1023,Joshua Diaz,History,Term 3,2025,3,3,5,4,4,4,4,2,4,5
1024,Joshua Diaz,History,Term 3,2025,4,5,4,3,5,5,3,5,4,5
1025,Joshua Diaz,History,Term 3,2025,5,4,5,5,5,4,3,3,5,4
1026,Joshua Diaz,History,Term 3,2025,4,4,5,3,3,5,5,3,4,4
1027,Joshua Diaz,History,Term 3,2025,4,4,4,5,4,4,4,4,3,4
1028,Joshua Diaz,History,Term 3,2025,4,3,3,4,5,5,5,4,3,4
1029,Joshua Diaz,History,Term 3,2025,5,5,5,4,4,5,4,3,4,3
1030,Joshua Diaz,History,Term 3,2025,5,4,5,4,5,5,5,5,3,3
1031,Joshua Diaz,History,Term 3,2025,5,4,3,4,4,5,4,4,4,4
1032,Angela Kirk,Biology,Term 1,2023,4,5,5,5,4,3,5,5,5,5
1033,Angela Kirk,Biology,Term 1,2023,5,5,4,4,5,3,5,3,3,4
1034,Angela Kirk,Biology,Term 1,2023,5,4,4,4,5,5,4,5,3,5
1035,Angela Kirk,Biology,Term 1,2023,3,4,5,5,5,4,5,5,5,4
1036,Angela Kirk,Biology,Term 1,2023,5,5,5,4,3,4,3,5,5,4
1037,Angela Kirk,Biology,Term 1,2023,4,4,5,3,4,5,4,4,5,4
1038,Angela Kirk,Biology,Term 1,2023,4,4,5,5,4,5,4,5,5,3
1039,Angela Kirk,Biology,Term 1,2023,5,5,4,5,5,4,4,5,5,4
1040,Angela Kirk,Biology,Term 1,2023,5,4,4,4,5,3,4,4,4,4
1041,Angela Kirk,Biology,Term 1,2023,4,3,5,5,3,4,5,3,5,5
1042,Angela Kirk,Biology,Term 1,2023,4,4,4,4,5,4,4,4,4,4
1043,Angela Kirk,Biology,Term 1,2023,5,3,4,5,5,4,4,3,4,5
1044,Angela Kirk,Biology,Term 1,2023,3,3,5,4,5,3,4,4,5,4
1045,Angela Kirk,Biology,Term 1,2023,5,4,5,4,5,5,5,4,3,4
1046,Angela Kirk,Biology,Term 1,2023,3,4,5,4,3,4,5,4,5,5
1047,Angela Kirk,Biology,Term 1,2023,4,5,5,4,5,4,5,4,3,3
1048,Angela Kirk,Biology,Term 1,2023,5,4,3,5,5,4,4,5,4,4
1049,Angela Kirk,Biology,Term 1,2023,3,3,4,4,5,4,3,4,4,5
1050,Angela Kirk,Biology,Term 1,2023,5,4,5,5,4,4,3,5,4,3
1051,Angela Kirk,Biology,Term 1,2023,3,4,5,4,4,4,4,4,5,4
1052,Angela Kirk,Biology,Term 1,2023,3,4,5,4,5,4,5,4,5,3
1053,Angela Kirk,Biology,Term 1,2023,4,5,4,4,5,4,4,5,3,4
1054,Angela Kirk,Biology,Term 1,2023,4,5,5,2,5,4,5,4,5,5
1055,Angela Kirk,Biology,Term 1,2023,4,5,5,4,3,5,4,5,5,4
1056,Angela Kirk,Biology,Term 1,2023,3,3,3,4,5,4,5,3,5,5
1057,Angela Kirk,Biology,Term 1,2023,4,4,4,5,3,3,5,5,4,5
1058,Angela Kirk,Biology,Term 1,2023,4,4,4,4,5,4,4,4,5,4
1059,Angela Kirk,Biology,Term 1,2023,4,4,3,4,5,4,4,5,4,4
1060,Angela Kirk,Biology,Term 1,2023,4,4,5,4,3,5,5,5,4,2
1061,Angela Kirk,Biology,Term 1,2023,5,5,4,4,4,2,4,3,5,5
1062,Angela Kirk,Biology,Term 1,2023,4,5,5,4,4,4,5,4,5,5
1063,Angela Kirk,Biology,Term 1,2023,4,2,4,5,4,5,5,3,3,5
1064,Angela Kirk,Biology,Term 1,2023,4,4,5,3,3,4,4,5,3,4
1065,Angela Kirk,Biology,Term 1,2023,5,3,4,5,4,3,4,5,5,4
1066,Angela Kirk,Biology,Term 2,2023,4,5,5,4,4,4,4,4,5,5
1067,Angela Kirk,Biology,Term 2,2023,5,4,3,5,5,5,3,5,4,5
1068,Angela Kirk,Biology,Term 2,2023,4,5,5,5,4,4,4,4,4,5
1069,Angela Kirk,Biology,Term 2,2023,4,4,5,5,5,3,3,4,5,5
1070,Angela Kirk,Biology,Term 2,2023,5,3,5,5,3,5,5,4,5,3
1071,Angela Kirk,Biology,Term 2,2023,5,5,4,5,3,4,4,4,4,5
1072,Angela Kirk,Biology,Term 2,2023,2,5,3,5,5,5,5,4,5,4
1073,Angela Kirk,Biology,Term 2,2023,5,5,5,4,4,4,4,5,5,5
1074,Angela Kirk,Biology,Term 2,2023,4,5,5,4,5,4,4,4,4,5
1075,Angela Kirk,Biology,Term 2,2023,4,5,5,4,5,4,5,5,4,4
1076,Angela Kirk,Biology,Term 2,2023,4,4,4,3,5,3,5,3,4,4
1077,Angela Kirk,Biology,Term 2,2023,5,4,5,4,4,5,4,5,3,5
1078,Angela Kirk,Biology,Term 2,2023,4,4,5,4,5,4,4,4,4,5
1079,Angela Kirk,Biology,Term 2,2023,3,4,4,4,3,5,4,3,4,4
1080,Angela Kirk,Biology,Term 2,2023,4,3,5,3,5,5,4,5,4,4
1081,Angela Kirk,Biology,Term 2,2023,5,5,4,5,5,2,4,5,4,5
1082,Angela Kirk,Biology,Term 2,2023,4,4,4,4,3,5,4,5,4,4
1083,Angela Kirk,Biology,Term 2,2023,5,4,4,3,5,3,5,4,4,4
1084,Angela Kirk,Biology,Term 2,2023,5,5,4,4,3,2,5,5,5,5
1085,Angela Kirk,Biology,Term 2,2023,5,4,4,3,5,4,5,4,5,4
1086,Angela Kirk,Biology,Term 2,2023,4,5,5,4,3,4,3,4,4,5
1087,Angela Kirk,Biology,Term 2,2023,4,4,5,3,3,5,4,5,4,4
1088,Angela Kirk,Biology,Term 2,2023,3,4,5,5,5,5,3,5,4,5
1089,Angela Kirk,Biology,Term 2,2023,4,4,4,3,3,4,5,4,4,4
1090,Angela Kirk,Biology,Term 2,2023,5,3,5,4,4,5,4,5,4,5
1091,Angela Kirk,Biology,Term 2,2023,4,5,5,5,5,4,5,5,5,4
1092,Angela Kirk,Biology,Term 2,2023,5,5,4,5,4,4,4,2,5,4
1093,Angela Kirk,Biology,Term 2,2023,4,5,4,5,4,3,4,4,5,5
1094,Angela Kirk,Biology,Term 3,2023,5,3,5,4,5,5,4,3,4,4
1095,Angela Kirk,Biology,Term 3,2023,3,5,5,4,3,4,3,5,4,3
1096,Angela Kirk,Biology,Term 3,2023,3,3,5,4,4,4,3,3,4,5
1097,Angela Kirk,Biology,Term 3,2023,4,5,4,3,4,3,5,4,4,5
1098,Angela Kirk,Biology,Term 3,2023,4,5,4,5,5,5,4,4,4,3
1099,Angela Kirk,Biology,Term 3,2023,3,4,4,5,5,5,4,5,3,4
1100,Angela Kirk,Biology,Term 3,2023,3,4,3,4,4,4,4,4,5,5
1101,Angela Kirk,Biology,Term 3,2023,3,4,5,4,5,4,3,4,4,5
1102,Angela Kirk,Biology,Term 3,2023,4,4,5,5,5,5,5,4,4,5
1103,Angela Kirk,Biology,Term 3,2023,5,5,5,3,5,3,4,4,4,4
1104,Angela Kirk,Biology,Term 3,2023,5,5,5,4,4,5,4,3,5,5
1105,Angela Kirk,Biology,Term 3,2023,5,5,4,5,5,5,4,5,5,5
1106,Angela Kirk,Biology,Term 3,2023,4,5,4,5,4,5,4,4,5,5
1107,Angela Kirk,Biology,Term 3,2023,5,4,4,4,4,5,5,5,4,5
1108,Angela Kirk,Biology,Term 3,2023,4,3,4,5,4,3,4,4,4,5
1109,Angela Kirk,Biology,Term 3,2023,5,3,5,4,5,5,4,5,3,4
1110,Angela Kirk,Biology,Term 3,2023,4,3,4,4,5,5,5,5,3,4
1111,Angela Kirk,Biology,Term 3,2023,3,5,4,4,4,3,5,5,4,4
1112,Angela Kirk,Biology,Term 3,2023,5,4,4,5,5,4,4,5,4,4
1113,Angela Kirk,Biology,Term 3,2023,3,4,5,4,4,4,5,5,5,4
1114,Angela Kirk,Biology,Term 3,2023,3,5,4,4,3,4,4,4,4,3
1115,Angela Kirk,Biology,Term 3,2023,5,4,4,5,4,3,5,3,3,5
1116,Angela Kirk,Biology,Term 3,2023,4,4,3,5,4,5,5,4,3,5
1117,Angela Kirk,Biology,Term 3,2023,5,5,4,5,5,5,4,5,4,3
1118,Angela Kirk,Biology,Term 3,2023,5,4,3,5,5,5,4,5,5,3
1119,Angela Kirk,Biology,Term 3,2023,3,4,5,5,4,5,5,4,3,5
1120,Angela Kirk,Biology,Term 3,2023,5,4,5,4,4,5,4,3,5,3
1121,Angela Kirk,Biology,Term 3,2023,5,5,5,4,4,4,4,3,4,4
1122,Angela Kirk,Biology,Term 3,2023,5,4,4,5,4,4,4,5,4,5
1123,Angela Kirk,Biology,Term 3,2023,5,4,4,5,4,2,4,5,4,4
1124,Angela Kirk,Biology,Term 3,2023,5,4,4,4,4,4,4,5,4,4
1125,Angela Kirk,Biology,Term 3,2023,5,5,5,4,4,4,5,5,5,4
1126,Angela Kirk,Biology,Term 3,2023,4,5,4,4,5,4,4,5,5,4
1127,Angela Kirk,Biology,Term 3,2023,5,4,4,4,5,5,5,3,4,4
1128,Angela Kirk,Biology,Term 3,2023,5,4,5,5,4,4,5,5,4,4
1129,Angela Kirk,Biology,Term 3,2023,3,4,5,5,3,5,5,4,4,5
1130,Angela Kirk,Biology,Term 3,2023,4,5,4,3,5,5,5,3,5,5
1131,Angela Kirk,Biology,Term 3,2023,5,4,3,4,4,4,5,4,5,4
1132,Angela Kirk,Biology,Term 1,2024,3,4,4,4,5,3,4,5,4,4
1133,Angela Kirk,Biology,Term 1,2024,5,5,5,4,4,3,5,4,4,4
1134,Angela Kirk,Biology,Term 1,2024,5,4,4,5,5,4,5,5,5,4
1135,Angela Kirk,Biology,Term 1,2024,3,5,4,5,4,4,4,3,5,5
1136,Angela Kirk,Biology,Term 1,2024,4,4,5,2,5,5,3,3,3,5
1137,Angela Kirk,Biology,Term 1,2024,3,4,5,4,4,4,3,5,5,4
1138,Angela Kirk,Biology,Term 1,2024,4,4,4,4,4,4,5,4,4,4
1139,Angela Kirk,Biology,Term 1,2024,4,4,4,5,5,2,5,4,4,4
1140,Angela Kirk,Biology,Term 1,2024,5,4,5,4,5,5,4,5,5,4
1141,Angela Kirk,Biology,Term 1,2024,4,4,5,5,4,5,4,4,4,4
1142,Angela Kirk,Biology,Term 1,2024,4,5,5,5,4,3,3,4,5,3
1143,Angela Kirk,Biology,Term 1,2024,5,4,4,5,5,4,4,4,3,3
1144,Angela Kirk,Biology,Term 1,2024,4,5,3,4,4,5,4,5,4,5
1145,Angela Kirk,Biology,Term 1,2024,4,5,5,5,4,4,5,4,5,4
1146,Angela Kirk,Biology,Term 1,2024,4,4,5,4,3,3,4,5,3,4
1147,Angela Kirk,Biology,Term 1,2024,4,5,4,4,3,5,4,5,4,4
1148,Angela Kirk,Biology,Term 1,2024,5,5,5,5,5,5,2,5,5,4
1149,Angela Kirk,Biology,Term 1,2024,4,4,4,4,4,4,5,3,5,5
1150,Angela Kirk,Biology,Term 1,2024,3,4,5,5,3,5,3,5,5,4
1151,Angela Kirk,Biology,Term 2,2024,5,5,4,4,4,4,5,5,5,5
1152,Angela Kirk,Biology,Term 2,2024,5,2,4,4,5,4,5,4,4,4
1153,Angela Kirk,Biology,Term 2,2024,4,5,5,5,5,5,4,5,3,4
1154,Angela Kirk,Biology,Term 2,2024,5,4,5,4,5,4,5,5,5,4
1155,Angela Kirk,Biology,Term 2,2024,4,4,5,5,3,4,5,4,5,4
1156,Angela Kirk,Biology,Term 2,2024,5,4,4,4,5,5,3,4,4,5
1157,Angela Kirk,Biology,Term 2,2024,5,4,3,4,5,3,4,5,5,4
1158,Angela Kirk,Biology,Term 2,2024,5,5,5,5,5,5,5,5,4,4
1159,Angela Kirk,Biology,Term 2,2024,4,2,4,4,3,4,5,3,4,5
1160,Angela Kirk,Biology,Term 2,2024,3,4,5,5,5,5,4,5,5,3
1161,Angela Kirk,Biology,Term 2,2024,5,5,4,4,4,5,5,4,5,5
1162,Angela Kirk,Biology,Term 2,2024,3,5,5,4,4,5,3,4,4,4
1163,Angela Kirk,Biology,Term 2,2024,4,4,5,4,5,4,5,5,5,4
1164,Angela Kirk,Biology,Term 2,2024,4,3,3,5,4,5,4,5,5,2
1165,Angela Kirk,Biology,Term 2,2024,4,3,2,4,3,4,4,5,4,5
1166,Angela Kirk,Biology,Term 2,2024,5,5,5,4,4,4,4,5,5,3
1167,Angela Kirk,Biology,Term 2,2024,4,4,3,5,5,4,4,5,5,5
1168,Angela Kirk,Biology,Term 2,2024,4,4,4,4,5,4,4,4,4,5
1169,Angela Kirk,Biology,Term 2,2024,5,4,5,4,4,5,5,3,3,5
1170,Angela Kirk,Biology,Term 2,2024,4,4,5,4,4,5,5,4,3,3
1171,Angela Kirk,Biology,Term 2,2024,5,4,5,3,3,5,4,5,4,4
1172,Angela Kirk,Biology,Term 3,2024,3,5,4,4,4,4,4,4,3,5
1173,Angela Kirk,Biology,Term 3,2024,4,5,5,4,4,4,3,5,4,4
1174,Angela Kirk,Biology,Term 3,2024,3,3,2,4,4,4,4,3,4,4
1175,Angela Kirk,Biology,Term 3,2024,4,3,5,3,4,4,5,4,4,3
1176,Angela Kirk,Biology,Term 3,2024,5,3,4,2,3,5,4,4,4,5
1177,Angela Kirk,Biology,Term 3,2024,4,4,4,5,3,4,5,4,5,5
1178,Angela Kirk,Biology,Term 3,2024,5,5,5,3,5,4,5,3,5,4
1179,Angela Kirk,Biology,Term 3,2024,4,5,4,4,4,4,4,4,4,5
1180,Angela Kirk,Biology,Term 3,2024,4,5,5,5,4,4,3,3,2,4
1181,Angela Kirk,Biology,Term 3,2024,5,5,4,5,4,5,3,4,3,4
1182,Angela Kirk,Biology,Term 3,2024,3,4,5,5,5,4,4,4,5,5
1183,Angela Kirk,Biology,Term 3,2024,3,4,5,4,5,3,5,2,4,4
1184,Angela Kirk,Biology,Term 3,2024,5,4,3,5,4,5,4,5,4,4
1185,Angela Kirk,Biology,Term 3,2024,5,5,5,5,4,3,3,4,5,5
1186,Angela Kirk,Biology,Term 3,2024,5,3,3,4,4,4,5,5,4,4
1187,Angela Kirk,Biology,Term 3,2024,4,4,5,4,5,4,4,4,4,4
1188,Angela Kirk,Biology,Term 3,2024,4,3,4,5,4,3,4,5,5,5
1189,Angela Kirk,Biology,Term 3,2024,5,5,4,3,4,5,4,5,4,4
1190,Angela Kirk,Biology,Term 3,2024,5,4,4,4,3,5,4,5,4,5
1191,Angela Kirk,Biology,Term 3,2024,4,4,4,4,5,5,4,4,2,3
1192,Angela Kirk,Biology,Term 3,2024,4,3,3,4,4,4,4,5,5,4
1193,Angela Kirk,Biology,Term 3,2024,5,4,3,4,5,4,3,5,5,4
1194,Angela Kirk,Biology,Term 3,2024,4,5,5,4,5,5,4,5,4,5
1195,Angela Kirk,Biology,Term 3,2024,4,5,5,4,4,5,4,5,3,5
1196,Angela Kirk,Biology,Term 1,2025,5,5,3,5,5,5,4,4,4,5
1197,Angela Kirk,Biology,Term 1,2025,3,5,2,5,5,5,3,5,5,4
1198,Angela Kirk,Biology,Term 1,2025,5,3,4,4,3,3,4,5,3,4
1199,Angela Kirk,Biology,Term 1,2025,3,4,5,5,5,4,5,4,5,4
1200,Angela Kirk,Biology,Term 1,2025,3,4,3,5,5,4,4,5,5,4
1201,Angela Kirk,Biology,Term 1,2025,3,5,5,3,2,5,4,3,2,4
1202,Angela Kirk,Biology,Term 1,2025,5,5,4,3,5,5,4,4,4,5
1203,Angela Kirk,Biology,Term 1,2025,5,5,4,5,5,5,5,5,5,4
1204,Angela Kirk,Biology,Term 1,2025,5,3,4,3,3,4,5,4,5,5
1205,Angela Kirk,Biology,Term 1,2025,4,5,4,3,5,5,4,4,5,3
1206,Angela Kirk,Biology,Term 1,2025,3,5,5,5,4,5,4,4,5,4
1207,Angela Kirk,Biology,Term 1,2025,5,3,4,4,5,5,5,3,3,5
1208,Angela Kirk,Biology,Term 1,2025,4,5,5,4,5,4,3,4,5,3
1209,Angela Kirk,Biology,Term 1,2025,3,4,5,4,4,3,4,4,5,3
1210,Angela Kirk,Biology,Term 1,2025,4,4,5,3,4,4,4,5,5,5
1211,Angela Kirk,Biology,Term 1,2025,4,4,4,4,4,4,4,4,4,4
1212,Angela Kirk,Biology,Term 1,2025,3,5,4,5,5,3,4,5,4,4
1213,Angela Kirk,Biology,Term 1,2025,4,5,4,4,4,3,5,4,4,5
1214,Angela Kirk,Biology,Term 1,2025,5,5,5,4,5,4,4,5,5,4
1215,Angela Kirk,Biology,Term 1,2025,5,5,3,5,4,5,3,4,4,4
1216,Angela Kirk,Biology,Term 1,2025,5,4,4,4,4,4,5,5,4,5
1217,Angela Kirk,Biology,Term 1,2025,3,4,3,4,4,5,5,4,4,4
1218,Angela Kirk,Biology,Term 1,2025,4,3,5,4,4,4,4,4,5,4
1219,Angela Kirk,Biology,Term 1,2025,4,4,4,4,5,5,5,4,5,5
1220,Angela Kirk,Biology,Term 1,2025,4,4,4,4,3,4,5,5,5,3
1221,Angela Kirk,Biology,Term 1,2025,5,3,2,5,4,5,3,5,4,5
1222,Angela Kirk,Biology,Term 1,2025,3,5,3,5,4,4,5,4,5,5
1223,Angela Kirk,Biology,Term 1,2025,3,4,4,3,4,5,4,5,4,4
1224,Angela Kirk,Biology,Term 1,2025,4,3,3,5,5,5,4,4,4,3
1225,Angela Kirk,Biology,Term 1,2025,4,4,4,4,4,5,3,4,1,5
1226,Angela Kirk,Biology,Term 1,2025,4,4,4,4,5,4,5,3,5,4
1227,Angela Kirk,Biology,Term 1,2025,5,5,5,5,5,5,4,3,5,5
1228,Angela Kirk,Biology,Term 1,2025,4,4,4,4,4,4,5,4,5,5
1229,Angela Kirk,Biology,Term 1,2025,4,5,5,5,4,3,5,5,5,4
1230,Angela Kirk,Biology,Term 1,2025,4,5,4,4,4,4,4,4,4,4
1231,Angela Kirk,Biology,Term 1,2025,3,5,5,5,4,5,4,4,4,4
1232,Angela Kirk,Biology,Term 2,2025,3,5,4,5,4,5,4,4,5,5
1233,Angela Kirk,Biology,Term 2,2025,4,5,4,5,4,4,3,4,5,3
1234,Angela Kirk,Biology,Term 2,2025,5,4,5,5,5,5,4,3,5,5
1235,Angela Kirk,Biology,Term 2,2025,4,4,5,4,4,5,5,3,3,3
1236,Angela Kirk,Biology,Term 2,2025,4,5,4,5,4,4,5,3,5,4
1237,Angela Kirk,Biology,Term 2,2025,4,5,5,4,3,3,4,4,3,5
1238,Angela Kirk,Biology,Term 2,2025,5,4,4,4,3,5,5,5,3,5
1239,Angela Kirk,Biology,Term 2,2025,5,5,4,4,4,4,4,3,4,5
1240,Angela Kirk,Biology,Term 2,2025,4,5,4,5,5,4,5,5,3,4
1241,Angela Kirk,Biology,Term 2,2025,4,5,5,5,5,4,5,5,4,5
1242,Angela Kirk,Biology,Term 2,2025,5,4,4,5,4,4,5,4,5,5
1243,Angela Kirk,Biology,Term 2,2025,3,3,2,4,3,4,4,3,3,5
1244,Angela Kirk,Biology,Term 2,2025,4,4,4,5,5,4,4,5,5,5
1245,Angela Kirk,Biology,Term 2,2025,3,2,4,5,4,5,3,4,5,4
1246,Angela Kirk,Biology,Term 2,2025,4,4,4,5,4,5,4,5,4,4
1247,Angela Kirk,Biology,Term 2,2025,4,5,3,4,5,4,4,4,5,5
1248,Angela Kirk,Biology,Term 2,2025,3,5,4,4,3,4,4,4,5,4
1249,Angela Kirk,Biology,Term 2,2025,4,4,5,3,5,3,5,5,4,4
1250,Angela Kirk,Biology,Term 2,2025,5,5,4,4,3,3,4,4,5,4
1251,Angela Kirk,Biology,Term 2,2025,4,4,3,3,3,5,5,4,5,4
1252,Angela Kirk,Biology,Term 3,2025,4,4,4,4,5,5,4,4,5,5
1253,Angela Kirk,Biology,Term 3,2025,4,3,4,5,3,3,4,5,4,4
1254,Angela Kirk,Biology,Term 3,2025,4,5,5,5,4,5,4,4,5,4
1255,Angela Kirk,Biology,Term 3,2025,4,5,4,5,5,5,5,5,5,5
1256,Angela Kirk,Biology,Term 3,2025,5,4,5,5,5,4,4,3,3,5
1257,Angela Kirk,Biology,Term 3,2025,4,5,5,4,3,5,5,5,3,4
1258,Angela Kirk,Biology,Term 3,2025,5,5,5,5,4,4,3,4,5,4
1259,Angela Kirk,Biology,Term 3,2025,4,4,5,4,5,5,4,3,3,5
1260,Angela Kirk,Biology,Term 3,2025,3,4,4,5,5,4,4,4,5,3
1261,Angela Kirk,Biology,Term 3,2025,3,4,5,4,5,5,4,4,4,3
1262,Angela Kirk,Biology,Term 3,2025,3,5,3,4,4,5,5,4,4,4
1263,Angela Kirk,Biology,Term 3,2025,4,4,5,4,4,5,4,5,3,4
1264,Angela Kirk,Biology,Term 3,2025,4,5,5,4,5,5,4,4,5,5
1265,Angela Kirk,Biology,Term 3,2025,4,3,5,5,5,4,5,5,4,3
1266,Angela Kirk,Biology,Term 3,2025,4,5,5,5,5,5,4,4,4,3
1267,Angela Kirk,Biology,Term 3,2025,3,4,4,4,4,4,4,4,3,5
1268,Angela Kirk,Biology,Term 3,2025,5,4,5,5,4,4,5,4,4,5
1269,Angela Kirk,Biology,Term 3,2025,5,4,5,4,4,4,5,3,4,5
1270,Susan Orr,Biology,Term 1,2023,5,5,3,4,3,5,3,4,3,4
1271,Susan Orr,Biology,Term 1,2023,4,4,5,3,3,4,5,4,5,4
1272,Susan Orr,Biology,Term 1,2023,4,5,5,5,4,3,4,3,4,4
1273,Susan Orr,Biology,Term 1,2023,5,5,5,3,3,5,4,4,3,3
1274,Susan Orr,Biology,Term 1,2023,4,5,3,5,4,5,4,5,3,2
1275,Susan Orr,Biology,Term 1,2023,4,5,3,4,5,5,5,4,4,4
1276,Susan Orr,Biology,Term 1,2023,4,5,3,4,5,4,4,5,4,3
1277,Susan Orr,Biology,Term 1,2023,5,4,5,4,4,5,4,4,3,2
1278,Susan Orr,Biology,Term 1,2023,5,4,5,4,4,4,5,5,5,3
1279,Susan Orr,Biology,Term 1,2023,3,5,5,5,4,3,4,4,3,3
1280,Susan Orr,Biology,Term 1,2023,5,3,5,5,5,5,4,4,5,4
1281,Susan Orr,Biology,Term 1,2023,4,3,3,5,4,5,5,5,4,4
1282,Susan Orr,Biology,Term 1,2023,3,3,4,4,5,4,5,3,4,4
1283,Susan Orr,Biology,Term 1,2023,5,4,4,5,4,3,5,4,4,4
1284,Susan Orr,Biology,Term 1,2023,3,3,5,4,4,4,4,4,4,4
1285,Susan Orr,Biology,Term 1,2023,4,5,4,3,5,5,3,4,4,5
1286,Susan Orr,Biology,Term 1,2023,5,3,5,4,5,4,3,4,3,2
1287,Susan Orr,Biology,Term 1,2023,4,3,4,3,5,4,4,5,5,3
1288,Susan Orr,Biology,Term 1,2023,4,4,4,4,3,5,4,4,5,5
1289,Susan Orr,Biology,Term 1,2023,4,4,4,3,4,4,3,4,5,5
1290,Susan Orr,Biology,Term 1,2023,3,2,4,4,3,4,3,3,3,4
1291,Susan Orr,Biology,Term 1,2023,2,4,5,5,4,5,5,4,3,3
1292,Susan Orr,Biology,Term 1,2023,3,3,5,5,4,3,5,5,3,4
1293,Susan Orr,Biology,Term 1,2023,3,4,3,4,4,4,5,4,4,4
1294,Susan Orr,Biology,Term 1,2023,3,4,4,4,4,4,5,3,5,3
1295,Susan Orr,Biology,Term 1,2023,3,4,3,4,3,4,4,4,4,5
1296,Susan Orr,Biology,Term 1,2023,4,3,3,3,4,5,5,3,3,4
1297,Susan Orr,Biology,Term 1,2023,4,4,5,3,4,4,3,4,5,5
1298,Susan Orr,Biology,Term 1,2023,4,3,3,4,4,3,4,4,4,5
1299,Susan Orr,Biology,Term 1,2023,2,4,4,3,5,3,5,5,4,3
1300,Susan Orr,Biology,Term 1,2023,5,3,2,4,4,5,3,5,4,5
1301,Susan Orr,Biology,Term 1,2023,5,4,5,4,4,4,4,3,4,5
1302,Susan Orr,Biology,Term 1,2023,5,4,4,4,3,5,5,3,5,5
1303,Susan Orr,Biology,Term 1,2023,4,5,3,4,5,5,5,4,3,3
1304,Susan Orr,Biology,Term 2,2023,4,5,4,4,3,4,4,2,4,3
1305,Susan Orr,Biology,Term 2,2023,4,5,4,4,4,5,4,5,4,5
1306,Susan Orr,Biology,Term 2,2023,4,4,5,5,5,5,4,4,4,3
1307,Susan Orr,Biology,Term 2,2023,4,2,4,5,5,5,3,5,4,4
1308,Susan Orr,Biology,Term 2,2023,4,4,5,5,4,4,3,5,2,3
1309,Susan Orr,Biology,Term 2,2023,2,4,4,4,5,4,4,3,4,4
1310,Susan Orr,Biology,Term 2,2023,4,4,3,4,5,5,4,4,3,3
1311,Susan Orr,Biology,Term 2,2023,5,4,2,3,3,2,3,2,4,4
1312,Susan Orr,Biology,Term 2,2023,5,4,5,4,4,5,4,4,5,5
1313,Susan Orr,Biology,Term 2,2023,3,4,4,2,3,4,5,4,3,4
1314,Susan Orr,Biology,Term 2,2023,4,4,3,4,3,3,4,3,5,4
1315,Susan Orr,Biology,Term 2,2023,5,4,3,4,4,3,4,3,4,5
1316,Susan Orr,Biology,Term 2,2023,5,4,4,3,5,3,4,3,5,5
1317,Susan Orr,Biology,Term 2,2023,4,5,4,4,3,5,5,4,5,4
1318,Susan Orr,Biology,Term 2,2023,5,4,5,5,4,2,5,5,4,5
1319,Susan Orr,Biology,Term 2,2023,4,3,4,5,4,3,5,5,5,3
1320,Susan Orr,Biology,Term 2,2023,3,5,4,2,3,5,4,3,5,4
1321,Susan Orr,Biology,Term 2,2023,5,4,4,3,4,4,3,5,3,4
1322,Susan Orr,Biology,Term 2,2023,4,3,3,4,4,4,4,4,4,5
1323,Susan Orr,Biology,Term 3,2023,5,5,3,4,5,4,5,4,3,5
1324,Susan Orr,Biology,Term 3,2023,5,4,4,4,4,5,4,3,3,3
1325,Susan Orr,Biology,Term 3,2023,4,3,4,3,3,5,4,4,4,4
1326,Susan Orr,Biology,Term 3,2023,4,4,4,4,2,4,4,4,3,4
1327,Susan Orr,Biology,Term 3,2023,4,4,5,5,4,4,4,5,5,5
1328,Susan Orr,Biology,Term 3,2023,4,5,4,4,4,3,4,4,4,3
1329,Susan Orr,Biology,Term 3,2023,4,4,3,5,4,3,4,3,3,4
1330,Susan Orr,Biology,Term 3,2023,3,4,5,5,4,4,3,3,5,5
1331,Susan Orr,Biology,Term 3,2023,5,3,4,3,4,5,4,4,4,3
1332,Susan Orr,Biology,Term 3,2023,3,4,5,4,5,5,5,4,4,3
1333,Susan Orr,Biology,Term 3,2023,4,2,3,4,4,5,3,5,4,5
1334,Susan Orr,Biology,Term 3,2023,5,5,2,5,4,4,5,3,4,2
1335,Susan Orr,Biology,Term 3,2023,4,4,3,3,5,4,3,4,3,3
1336,Susan Orr,Biology,Term 3,2023,3,4,4,4,4,2,4,3,4,5
1337,Susan Orr,Biology,Term 3,2023,5,3,5,4,4,4,4,3,5,4
1338,Susan Orr,Biology,Term 3,2023,5,5,3,5,4,4,4,3,4,5
1339,Susan Orr,Biology,Term 3,2023,4,3,5,3,5,5,3,5,5,5
1340,Susan Orr,Biology,Term 3,2023,3,3,4,3,5,4,4,5,4,4
1341,Susan Orr,Biology,Term 3,2023,3,4,5,5,4,4,4,4,3,5
1342,Susan Orr,Biology,Term 3,2023,3,3,2,5,5,3,4,4,3,4
1343,Susan Orr,Biology,Term 3,2023,4,5,4,3,5,5,4,5,5,4
1344,Susan Orr,Biology,Term 3,2023,4,5,4,5,5,5,3,3,3,4
1345,Susan Orr,Biology,Term 3,2023,2,4,3,2,4,3,3,5,4,5
1346,Susan Orr,Biology,Term 3,2023,5,5,5,4,4,3,4,4,3,4
1347,Susan Orr,Biology,Term 3,2023,5,4,4,4,4,4,4,2,4,4
1348,Susan Orr,Biology,Term 3,2023,5,3,5,4,5,3,3,5,3,3
1349,Susan Orr,Biology,Term 3,2023,3,3,4,5,4,4,5,2,4,4
1350,Susan Orr,Biology,Term 3,2023,3,5,4,4,5,5,5,4,3,4
1351,Susan Orr,Biology,Term 3,2023,4,3,3,4,5,5,4,3,4,4
1352,Susan Orr,Biology,Term 3,2023,5,5,3,5,4,3,5,4,5,4
1353,Susan Orr,Biology,Term 3,2023,3,3,4,3,4,3,3,3,4,4
1354,Susan Orr,Biology,Term 3,2023,4,4,3,3,5,3,4,3,4,3
1355,Susan Orr,Biology,Term 3,2023,4,5,4,3,5,4,4,4,5,5
1356,Susan Orr,Biology,Term 3,2023,5,4,5,5,4,3,3,4,4,4
1357,Susan Orr,Biology,Term 3,2023,3,5,4,4,3,4,5,4,3,4
1358,Susan Orr,Biology,Term 3,2023,5,3,2,4,3,3,4,5,4,3
1359,Susan Orr,Biology,Term 3,2023,2,4,4,4,5,5,3,5,4,4
1360,Susan Orr,Biology,Term 1,2024,3,3,3,5,4,4,2,3,3,5
1361,Susan Orr,Biology,Term 1,2024,4,4,3,4,4,5,2,3,4,5
1362,Susan Orr,Biology,Term 1,2024,3,5,4,3,3,4,4,2,4,3
1363,Susan Orr,Biology,Term 1,2024,4,4,4,5,5,4,3,3,5,3
1364,Susan Orr,Biology,Term 1,2024,4,5,3,5,5,4,4,4,4,4
1365,Susan Orr,Biology,Term 1,2024,4,4,3,4,4,5,5,4,3,3
1366,Susan Orr,Biology,Term 1,2024,5,3,5,4,5,4,4,3,4,4
1367,Susan Orr,Biology,Term 1,2024,4,3,4,3,4,4,3,4,4,5
1368,Susan Orr,Biology,Term 1,2024,4,4,4,5,4,5,5,4,2,3
1369,Susan Orr,Biology,Term 1,2024,5,3,2,4,3,4,4,3,5,3
1370,Susan Orr,Biology,Term 1,2024,5,5,3,5,3,4,4,3,4,5
1371,Susan Orr,Biology,Term 1,2024,4,5,3,4,4,3,4,4,3,3
1372,Susan Orr,Biology,Term 1,2024,4,5,5,4,3,3,4,4,4,4
1373,Susan Orr,Biology,Term 1,2024,4,3,5,4,4,4,3,5,3,4
1374,Susan Orr,Biology,Term 1,2024,3,3,3,4,4,4,5,5,5,3
1375,Susan Orr,Biology,Term 1,2024,4,5,4,4,5,3,5,3,4,3
1376,Susan Orr,Biology,Term 1,2024,4,4,4,3,3,3,5,2,5,3
1377,Susan Orr,Biology,Term 1,2024,4,4,4,4,2,4,2,4,5,3
1378,Susan Orr,Biology,Term 1,2024,5,5,5,4,4,5,5,3,4,4
1379,Susan Orr,Biology,Term 1,2024,5,3,3,3,5,5,3,5,3,3
1380,Susan Orr,Biology,Term 1,2024,3,5,5,5,4,4,4,4,4,4
1381,Susan Orr,Biology,Term 1,2024,3,5,3,5,5,4,4,4,4,4
1382,Susan Orr,Biology,Term 1,2024,4,4,4,5,4,3,5,4,3,5
1383,Susan Orr,Biology,Term 1,2024,3,4,4,4,5,5,5,4,4,5
1384,Susan Orr,Biology,Term 1,2024,4,5,4,5,2,2,5,3,4,4
1385,Susan Orr,Biology,Term 1,2024,4,5,4,3,4,4,4,4,5,4
1386,Susan Orr,Biology,Term 1,2024,4,5,4,4,2,5,3,3,4,3
1387,Susan Orr,Biology,Term 1,2024,3,5,5,4,4,4,2,5,4,4
1388,Susan Orr,Biology,Term 2,2024,5,2,5,3,5,5,3,4,4,4
1389,Susan Orr,Biology,Term 2,2024,5,5,5,4,5,3,4,4,4,4
1390,Susan Orr,Biology,Term 2,2024,4,3,2,5,5,5,4,3,3,3
1391,Susan Orr,Biology,Term 2,2024,4,3,5,4,4,3,5,5,3,4
1392,Susan Orr,Biology,Term 2,2024,3,4,4,4,5,5,3,4,4,4
1393,Susan Orr,Biology,Term 2,2024,4,4,3,5,4,4,3,5,5,4
1394,Susan Orr,Biology,Term 2,2024,3,4,4,3,4,5,4,3,4,4
1395,Susan Orr,Biology,Term 2,2024,4,5,4,4,5,4,4,4,5,5
1396,Susan Orr,Biology,Term 2,2024,4,5,5,5,5,4,5,3,4,5
1397,Susan Orr,Biology,Term 2,2024,3,5,3,5,3,5,3,5,4,4
1398,Susan Orr,Biology,Term 2,2024,5,5,4,4,4,4,5,4,4,5
1399,Susan Orr,Biology,Term 2,2024,5,5,3,3,4,3,4,4,3,2
1400,Susan Orr,Biology,Term 2,2024,4,4,4,5,4,4,5,4,4,4
1401,Susan Orr,Biology,Term 2,2024,3,4,5,4,4,5,4,4,5,3
1402,Susan Orr,Biology,Term 2,2024,4,3,5,3,3,5,4,5,4,4
1403,Susan Orr,Biology,Term 2,2024,5,4,3,5,5,5,5,4,5,3
1404,Susan Orr,Biology,Term 2,2024,4,4,3,5,4,3,4,4,5,5
1405,Susan Orr,Biology,Term 2,2024,4,4,4,4,5,5,5,3,3,4
1406,Susan Orr,Biology,Term 2,2024,4,3,4,4,3,4,5,5,4,5
1407,Susan Orr,Biology,Term 2,2024,3,5,5,3,5,4,5,3,3,5
1408,Susan Orr,Biology,Term 2,2024,3,3,5,2,4,3,4,4,5,3
1409,Susan Orr,Biology,Term 2,2024,4,4,3,3,5,4,3,4,4,4
1410,Susan Orr,Biology,Term 2,2024,5,4,5,4,4,4,5,3,4,4
1411,Susan Orr,Biology,Term 2,2024,3,5,4,3,4,3,4,4,4,4
1412,Susan Orr,Biology,Term 2,2024,3,4,4,4,4,3,4,4,4,5
1413,Susan Orr,Biology,Term 2,2024,5,5,5,4,5,4,4,5,3,4
1414,Susan Orr,Biology,Term 2,2024,5,4,4,5,4,4,3,4,4,3
1415,Susan Orr,Biology,Term 2,2024,5,4,5,5,5,4,4,5,4,4
1416,Susan Orr,Biology,Term 2,2024,5,3,4,4,4,5,5,4,5,3
1417,Susan Orr,Biology,Term 2,2024,4,5,4,5,4,4,3,5,3,4
1418,Susan Orr,Biology,Term 2,2024,5,4,3,2,3,4,5,4,3,4
1419,Susan Orr,Biology,Term 2,2024,4,5,5,4,5,4,5,4,4,4
1420,Susan Orr,Biology,Term 2,2024,5,4,4,3,5,4,4,5,4,4
1421,Susan Orr,Biology,Term 2,2024,4,4,4,4,3,4,3,3,5,4
1422,Susan Orr,Biology,Term 2,2024,5,2,4,5,5,4,5,3,5,4
1423,Susan Orr,Biology,Term 2,2024,3,4,4,3,4,4,5,4,5,4
1424,Susan Orr,Biology,Term 2,2024,5,4,5,4,4,4,5,3,4,3
1425,Susan Orr,Biology,Term 2,2024,2,4,4,4,4,5,4,4,4,5
1426,Susan Orr,Biology,Term 2,2024,2,3,4,3,3,5,4,4,3,4
1427,Susan Orr,Biology,Term 2,2024,3,4,3,5,3,3,4,4,4,5
1428,Susan Orr,Biology,Term 3,2024,3,4,4,4,4,5,5,4,3,4
1429,Susan Orr,Biology,Term 3,2024,4,5,5,4,4,4,4,3,4,4
1430,Susan Orr,Biology,Term 3,2024,5,3,4,5,4,4,5,4,3,4
1431,Susan Orr,Biology,Term 3,2024,5,2,4,3,4,4,4,4,3,3
1432,Susan Orr,Biology,Term 3,2024,5,4,5,4,5,3,4,3,4,4
1433,Susan Orr,Biology,Term 3,2024,4,4,5,5,4,4,4,5,3,4
1434,Susan Orr,Biology,Term 3,2024,3,4,4,4,4,3,5,5,3,4
1435,Susan Orr,Biology,Term 3,2024,3,5,5,5,4,4,5,4,4,3
1436,Susan Orr,Biology,Term 3,2024,3,4,5,3,4,4,3,3,4,5
1437,Susan Orr,Biology,Term 3,2024,3,4,4,5,5,5,5,5,3,2
1438,Susan Orr,Biology,Term 3,2024,5,4,2,3,4,5,4,5,3,3
1439,Susan Orr,Biology,Term 3,2024,2,4,4,4,4,2,4,5,5,3
1440,Susan Orr,Biology,Term 3,2024,4,4,4,3,4,5,3,5,4,4
1441,Susan Orr,Biology,Term 3,2024,5,4,5,3,4,5,4,5,5,5
1442,Susan Orr,Biology,Term 3,2024,4,5,5,5,4,3,4,4,4,4
1443,Susan Orr,Biology,Term 3,2024,4,5,5,4,3,5,3,3,5,4
1444,Susan Orr,Biology,Term 3,2024,5,3,5,5,3,4,4,3,5,3
1445,Susan Orr,Biology,Term 3,2024,4,3,4,4,5,4,4,4,4,5
1446,Susan Orr,Biology,Term 3,2024,4,3,3,4,3,3,3,3,3,4
1447,Susan Orr,Biology,Term 1,2025,4,4,3,5,3,5,3,4,4,5
1448,Susan Orr,Biology,Term 1,2025,3,3,4,4,4,4,5,3,5,5
1449,Susan Orr,Biology,Term 1,2025,5,4,3,4,4,4,4,4,3,3
1450,Susan Orr,Biology,Term 1,2025,4,4,3,4,5,4,5,3,4,4
1451,Susan Orr,Biology,Term 1,2025,4,4,5,3,3,5,5,4,4,4
1452,Susan Orr,Biology,Term 1,2025,3,4,3,4,3,4,5,3,5,4
1453,Susan Orr,Biology,Term 1,2025,5,3,5,4,4,4,2,3,3,3
1454,Susan Orr,Biology,Term 1,2025,5,4,5,3,3,4,3,4,4,3
1455,Susan Orr,Biology,Term 1,2025,2,3,5,4,4,4,4,2,3,3
1456,Susan Orr,Biology,Term 1,2025,4,5,4,5,5,4,4,4,4,4
1457,Susan Orr,Biology,Term 1,2025,5,5,5,4,4,4,3,3,3,5
1458,Susan Orr,Biology,Term 1,2025,4,4,4,5,4,2,3,5,5,5
1459,Susan Orr,Biology,Term 1,2025,4,3,4,4,5,4,5,5,5,3
1460,Susan Orr,Biology,Term 1,2025,5,4,4,3,3,4,3,5,4,4
1461,Susan Orr,Biology,Term 1,2025,3,5,4,3,3,5,4,4,5,4
1462,Susan Orr,Biology,Term 1,2025,4,4,5,5,4,4,5,3,4,3
1463,Susan Orr,Biology,Term 1,2025,4,3,4,5,3,5,3,4,4,5
1464,Susan Orr,Biology,Term 1,2025,5,3,4,3,4,5,4,4,4,4
1465,Susan Orr,Biology,Term 1,2025,3,5,4,4,4,4,3,4,5,4
1466,Susan Orr,Biology,Term 1,2025,3,3,3,4,3,3,3,4,5,5
1467,Susan Orr,Biology,Term 2,2025,5,4,4,4,4,4,4,5,3,5
1468,Susan Orr,Biology,Term 2,2025,3,4,3,5,3,4,5,3,4,4
1469,Susan Orr,Biology,Term 2,2025,5,5,4,3,4,4,5,3,4,5
1470,Susan Orr,Biology,Term 2,2025,4,4,3,4,4,3,3,3,5,4
1471,Susan Orr,Biology,Term 2,2025,5,4,5,5,4,4,4,5,3,4
1472,Susan Orr,Biology,Term 2,2025,4,4,4,4,5,4,3,3,5,3
1473,Susan Orr,Biology,Term 2,2025,3,4,3,4,4,4,4,4,4,5
1474,Susan Orr,Biology,Term 2,2025,4,4,4,4,5,4,4,5,4,4
1475,Susan Orr,Biology,Term 2,2025,4,4,4,4,4,4,4,4,4,3
1476,Susan Orr,Biology,Term 2,2025,4,4,4,4,3,4,4,3,5,3
1477,Susan Orr,Biology,Term 2,2025,4,2,5,4,4,3,4,4,5,5
1478,Susan Orr,Biology,Term 2,2025,5,3,4,4,3,4,4,4,4,3
1479,Susan Orr,Biology,Term 2,2025,5,4,4,4,3,3,4,4,3,3
1480,Susan Orr,Biology,Term 2,2025,4,3,5,4,4,4,3,3,5,5
1481,Susan Orr,Biology,Term 2,2025,4,4,4,5,5,4,3,5,5,5
1482,Susan Orr,Biology,Term 2,2025,4,2,3,5,4,3,2,4,4,3
1483,Susan Orr,Biology,Term 2,2025,3,3,4,5,4,5,4,3,5,4
1484,Susan Orr,Biology,Term 3,2025,5,4,5,4,4,3,5,4,5,5
1485,Susan Orr,Biology,Term 3,2025,4,5,5,3,4,3,4,5,3,3
1486,Susan Orr,Biology,Term 3,2025,3,5,4,5,5,4,4,4,5,4
1487,Susan Orr,Biology,Term 3,2025,5,5,4,3,4,5,4,3,4,4
1488,Susan Orr,Biology,Term 3,2025,3,5,3,5,5,4,3,5,3,4
1489,Susan Orr,Biology,Term 3,2025,4,4,4,3,3,3,4,5,4,5
1490,Susan Orr,Biology,Term 3,2025,4,4,4,4,3,5,3,3,3,4
1491,Susan Orr,Biology,Term 3,2025,5,5,3,4,3,3,5,4,5,5
1492,Susan Orr,Biology,Term 3,2025,3,3,4,4,5,4,5,3,4,3
1493,Susan Orr,Biology,Term 3,2025,3,3,4,5,4,4,4,4,5,5
1494,Susan Orr,Biology,Term 3,2025,5,5,4,4,3,5,3,4,3,5
1495,Susan Orr,Biology,Term 3,2025,4,5,4,5,4,5,4,5,5,3
1496,Susan Orr,Biology,Term 3,2025,3,5,4,4,5,4,3,4,3,4
1497,Susan Orr,Biology,Term 3,2025,4,4,4,5,5,3,4,5,5,4
1498,Susan Orr,Biology,Term 3,2025,5,3,3,4,4,4,4,4,4,4
1499,Susan Orr,Biology,Term 3,2025,4,4,3,3,4,4,4,4,4,4
1500,Susan Orr,Biology,Term 3,2025,4,5,3,3,4,5,3,3,4,4
1501,Susan Orr,Biology,Term 3,2025,3,4,4,4,4,2,4,4,4,4
1502,Susan Orr,Biology,Term 3,2025,4,3,4,3,4,4,4,3,3,4
1503,Susan Orr,Biology,Term 3,2025,5,4,5,4,4,5,3,4,4,2
1504,Susan Orr,Biology,Term 3,2025,4,5,4,4,4,2,5,4,3,5
1505,Ronnie Barber,Physics,Term 1,2023,5,4,4,4,4,3,4,4,5,3
1506,Ronnie Barber,Physics,Term 1,2023,3,4,4,4,4,5,2,3,4,4
1507,Ronnie Barber,Physics,Term 1,2023,4,3,2,5,4,5,2,3,4,3
1508,Ronnie Barber,Physics,Term 1,2023,4,5,3,5,3,5,3,5,4,4
1509,Ronnie Barber,Physics,Term 1,2023,3,3,4,4,3,5,4,4,4,3
1510,Ronnie Barber,Physics,Term 1,2023,5,5,4,5,4,4,4,4,5,5
1511,Ronnie Barber,Physics,Term 1,2023,4,4,4,4,3,4,5,5,2,4
1512,Ronnie Barber,Physics,Term 1,2023,2,5,4,5,4,3,3,4,4,4
1513,Ronnie Barber,Physics,Term 1,2023,4,3,4,4,3,3,5,3,4,4
1514,Ronnie Barber,Physics,Term 1,2023,4,4,4,4,3,5,4,4,4,4
1515,Ronnie Barber,Physics,Term 1,2023,4,3,3,2,3,4,5,5,5,3
1516,Ronnie Barber,Physics,Term 1,2023,5,4,3,5,3,5,4,3,3,4
1517,Ronnie Barber,Physics,Term 1,2023,5,4,5,4,4,4,4,4,3,3
1518,Ronnie Barber,Physics,Term 1,2023,4,4,3,4,4,4,4,4,3,4
1519,Ronnie Barber,Physics,Term 1,2023,3,3,3,4,5,4,4,5,3,4
1520,Ronnie Barber,Physics,Term 1,2023,4,4,4,3,5,3,4,4,4,3
1521,Ronnie Barber,Physics,Term 1,2023,4,4,4,4,4,5,5,5,4,3
1522,Ronnie Barber,Physics,Term 1,2023,4,4,2,5,4,3,3,4,4,5
1523,Ronnie Barber,Physics,Term 1,2023,3,4,4,4,3,5,5,4,4,5
1524,Ronnie Barber,Physics,Term 1,2023,3,3,4,5,5,4,3,4,4,5
1525,Ronnie Barber,Physics,Term 2,2023,4,4,4,4,3,4,3,4,4,3
1526,Ronnie Barber,Physics,Term 2,2023,4,4,5,4,3,3,4,4,4,4
1527,Ronnie Barber,Physics,Term 2,2023,4,4,4,5,3,4,5,4,3,4
1528,Ronnie Barber,Physics,Term 2,2023,4,5,5,3,4,4,3,4,3,4
1529,Ronnie Barber,Physics,Term 2,2023,4,4,5,5,3,5,4,3,5,4
1530,Ronnie Barber,Physics,Term 2,2023,3,3,4,4,5,4,3,3,5,5
1531,Ronnie Barber,Physics,Term 2,2023,4,5,4,5,4,4,5,4,4,5
1532,Ronnie Barber,Physics,Term 2,2023,5,4,5,4,4,4,5,4,4,3
1533,Ronnie Barber,Physics,Term 2,2023,2,3,3,5,3,4,3,4,5,2
1534,Ronnie Barber,Physics,Term 2,2023,4,3,4,5,3,5,5,5,4,3
1535,Ronnie Barber,Physics,Term 2,2023,5,4,3,5,4,3,4,4,5,4
1536,Ronnie Barber,Physics,Term 2,2023,5,4,3,5,4,4,5,3,4,4
1537,Ronnie Barber,Physics,Term 2,2023,4,4,5,3,3,4,4,3,2,3
1538,Ronnie Barber,Physics,Term 2,2023,4,5,4,4,4,4,3,4,3,4
1539,Ronnie Barber,Physics,Term 2,2023,4,4,3,5,4,3,4,4,4,3
1540,Ronnie Barber,Physics,Term 3,2023,4,4,4,5,4,3,4,3,5,4
1541,Ronnie Barber,Physics,Term 3,2023,3,4,4,2,4,4,5,3,2,4
1542,Ronnie Barber,Physics,Term 3,2023,4,3,4,4,5,5,3,3,3,5
1543,Ronnie Barber,Physics,Term 3,2023,3,4,3,5,3,5,3,3,3,5
1544,Ronnie Barber,Physics,Term 3,2023,2,4,4,4,5,3,4,4,3,3
1545,Ronnie Barber,Physics,Term 3,2023,4,4,4,3,3,4,3,4,5,4
1546,Ronnie Barber,Physics,Term 3,2023,5,5,5,4,2,3,4,4,5,3
1547,Ronnie Barber,Physics,Term 3,2023,4,4,4,4,5,3,4,5,3,5
1548,Ronnie Barber,Physics,Term 3,2023,3,4,5,5,4,5,3,3,4,3
1549,Ronnie Barber,Physics,Term 3,2023,3,3,4,4,4,4,4,5,4,5
1550,Ronnie Barber,Physics,Term 3,2023,4,4,1,3,4,3,4,3,3,3
1551,Ronnie Barber,Physics,Term 3,2023,4,5,5,5,5,4,3,5,4,4
1552,Ronnie Barber,Physics,Term 3,2023,4,5,3,4,2,3,5,4,3,4
1553,Ronnie Barber,Physics,Term 3,2023,5,4,5,3,5,5,3,4,5,4
1554,Ronnie Barber,Physics,Term 3,2023,4,3,4,4,5,3,5,4,2,4
1555,Ronnie Barber,Physics,Term 3,2023,4,5,4,5,3,4,4,3,4,4
1556,Ronnie Barber,Physics,Term 3,2023,5,4,4,5,4,4,3,4,4,5
1557,Ronnie Barber,Physics,Term 3,2023,2,4,3,3,3,5,4,4,4,3
1558,Ronnie Barber,Physics,Term 3,2023,3,4,3,4,3,5,4,4,3,5
1559,Ronnie Barber,Physics,Term 3,2023,4,5,5,3,4,4,4,5,4,3
1560,Ronnie Barber,Physics,Term 3,2023,4,4,3,2,5,5,3,4,4,4
1561,Ronnie Barber,Physics,Term 3,2023,4,4,4,3,5,4,3,4,3,4
1562,Ronnie Barber,Physics,Term 3,2023,2,4,5,3,4,5,5,5,5,5
1563,Ronnie Barber,Physics,Term 3,2023,3,4,4,3,3,5,4,4,4,5
1564,Ronnie Barber,Physics,Term 1,2024,3,4,4,3,5,5,4,4,4,2
1565,Ronnie Barber,Physics,Term 1,2024,5,4,5,5,4,5,5,3,5,5
1566,Ronnie Barber,Physics,Term 1,2024,4,4,4,4,4,4,4,2,5,5
1567,Ronnie Barber,Physics,Term 1,2024,3,4,3,3,3,4,4,3,4,4
1568,Ronnie Barber,Physics,Term 1,2024,3,4,3,5,3,4,3,2,4,3
1569,Ronnie Barber,Physics,Term 1,2024,4,3,5,4,3,4,5,4,4,4
1570,Ronnie Barber,Physics,Term 1,2024,3,4,4,3,5,5,3,5,5,4
1571,Ronnie Barber,Physics,Term 1,2024,5,5,3,4,4,5,4,5,4,5
1572,Ronnie Barber,Physics,Term 1,2024,4,3,5,4,4,4,4,3,5,4
1573,Ronnie Barber,Physics,Term 1,2024,5,4,4,3,3,4,5,3,5,4
1574,Ronnie Barber,Physics,Term 1,2024,4,4,4,5,4,4,4,3,3,4
1575,Ronnie Barber,Physics,Term 1,2024,4,4,4,4,3,3,4,5,4,3
1576,Ronnie Barber,Physics,Term 1,2024,5,4,5,4,5,5,3,5,4,4
1577,Ronnie Barber,Physics,Term 1,2024,4,4,3,4,3,5,4,4,4,5
1578,Ronnie Barber,Physics,Term 1,2024,5,4,4,4,4,1,4,5,4,3
1579,Ronnie Barber,Physics,Term 1,2024,4,4,5,4,3,5,4,3,3,4
1580,Ronnie Barber,Physics,Term 1,2024,3,5,5,5,4,3,2,4,2,4
1581,Ronnie Barber,Physics,Term 1,2024,5,4,4,5,3,4,4,3,4,5
1582,Ronnie Barber,Physics,Term 1,2024,4,3,4,4,4,4,5,4,4,4
1583,Ronnie Barber,Physics,Term 1,2024,3,3,4,4,5,3,3,4,4,3
1584,Ronnie Barber,Physics,Term 1,2024,4,5,5,5,3,2,3,5,5,3
1585,Ronnie Barber,Physics,Term 1,2024,5,3,4,4,4,4,4,4,3,5
1586,Ronnie Barber,Physics,Term 1,2024,4,4,4,3,4,3,3,4,4,4
1587,Ronnie Barber,Physics,Term 1,2024,4,5,4,3,4,4,4,5,4,4
1588,Ronnie Barber,Physics,Term 1,2024,2,4,4,4,3,3,3,4,4,5
1589,Ronnie Barber,Physics,Term 1,2024,3,4,3,4,5,4,4,2,4,5
1590,Ronnie Barber,Physics,Term 1,2024,5,5,4,4,4,5,4,4,4,4
1591,Ronnie Barber,Physics,Term 1,2024,4,5,3,3,5,3,4,4,4,4
1592,Ronnie Barber,Physics,Term 1,2024,3,5,4,4,5,3,4,4,4,4
1593,Ronnie Barber,Physics,Term 1,2024,5,4,4,3,4,4,4,4,4,3
1594,Ronnie Barber,Physics,Term 1,2024,3,5,4,4,5,3,5,4,5,5
1595,Ronnie Barber,Physics,Term 1,2024,5,4,3,5,3,3,4,4,3,4
1596,Ronnie Barber,Physics,Term 1,2024,4,4,4,2,5,5,4,4,4,4
1597,Ronnie Barber,Physics,Term 1,2024,5,3,4,3,5,4,4,4,4,3
1598,Ronnie Barber,Physics,Term 1,2024,3,5,4,4,5,4,3,5,4,4
1599,Ronnie Barber,Physics,Term 1,2024,4,4,4,5,4,4,3,4,2,3
1600,Ronnie Barber,Physics,Term 1,2024,4,4,4,4,3,1,4,2,3,4
1601,Ronnie Barber,Physics,Term 2,2024,4,4,3,4,4,4,4,3,3,4
1602,Ronnie Barber,Physics,Term 2,2024,4,4,4,5,5,4,5,5,5,4
1603,Ronnie Barber,Physics,Term 2,2024,3,4,4,5,3,4,4,5,5,4
1604,Ronnie Barber,Physics,Term 2,2024,3,3,4,4,5,2,3,3,4,4
1605,Ronnie Barber,Physics,Term 2,2024,4,3,5,5,5,4,4,5,4,4
1606,Ronnie Barber,Physics,Term 2,2024,4,4,4,4,4,3,4,3,4,5
1607,Ronnie Barber,Physics,Term 2,2024,4,4,5,3,3,4,3,3,5,5
1608,Ronnie Barber,Physics,Term 2,2024,3,5,2,4,3,4,4,4,3,4
1609,Ronnie Barber,Physics,Term 2,2024,4,4,3,5,3,4,4,4,3,2
1610,Ronnie Barber,Physics,Term 2,2024,5,5,5,4,5,3,4,4,4,4
1611,Ronnie Barber,Physics,Term 2,2024,5,3,4,4,5,4,5,5,4,4
1612,Ronnie Barber,Physics,Term 2,2024,3,3,3,3,4,3,5,4,3,5
1613,Ronnie Barber,Physics,Term 2,2024,5,5,4,4,3,3,3,2,4,4
1614,Ronnie Barber,Physics,Term 2,2024,3,4,4,3,4,5,5,4,3,4
1615,Ronnie Barber,Physics,Term 2,2024,5,4,3,4,4,4,4,3,5,4
1616,Ronnie Barber,Physics,Term 2,2024,5,3,4,5,3,5,4,5,4,5
1617,Ronnie Barber,Physics,Term 2,2024,4,3,5,5,5,3,4,5,4,2
1618,Ronnie Barber,Physics,Term 3,2024,4,5,5,3,3,5,4,4,3,4
1619,Ronnie Barber,Physics,Term 3,2024,3,3,3,3,3,4,3,4,4,4
1620,Ronnie Barber,Physics,Term 3,2024,3,5,5,4,5,4,4,4,4,3
1621,Ronnie Barber,Physics,Term 3,2024,4,5,4,2,4,5,4,4,3,2
1622,Ronnie Barber,Physics,Term 3,2024,4,2,5,3,4,5,4,3,3,4
1623,Ronnie Barber,Physics,Term 3,2024,3,4,4,4,2,4,4,3,4,4
1624,Ronnie Barber,Physics,Term 3,2024,3,3,2,4,5,5,5,5,3,4
1625,Ronnie Barber,Physics,Term 3,2024,4,4,3,4,2,4,4,4,4,4
1626,Ronnie Barber,Physics,Term 3,2024,3,4,2,3,5,4,5,4,5,4
1627,Ronnie Barber,Physics,Term 3,2024,5,5,4,5,5,4,4,4,5,4
1628,Ronnie Barber,Physics,Term 3,2024,5,4,3,3,4,3,5,4,4,3
1629,Ronnie Barber,Physics,Term 3,2024,4,3,3,2,2,4,5,4,4,5
1630,Ronnie Barber,Physics,Term 3,2024,4,4,3,4,3,4,3,4,4,4
1631,Ronnie Barber,Physics,Term 3,2024,3,4,4,4,5,5,5,5,5,4
1632,Ronnie Barber,Physics,Term 3,2024,3,5,4,5,4,5,5,3,3,5
1633,Ronnie Barber,Physics,Term 3,2024,5,4,4,3,5,5,4,3,4,4
1634,Ronnie Barber,Physics,Term 1,2025,4,3,3,4,4,4,3,4,3,4
1635,Ronnie Barber,Physics,Term 1,2025,4,3,5,3,4,5,4,3,4,4
1636,Ronnie Barber,Physics,Term 1,2025,4,4,4,4,5,4,4,4,3,5
1637,Ronnie Barber,Physics,Term 1,2025,4,3,5,4,4,4,4,4,4,3
1638,Ronnie Barber,Physics,Term 1,2025,4,4,4,4,3,5,4,5,4,4
1639,Ronnie Barber,Physics,Term 1,2025,4,3,4,2,3,4,4,2,4,3
1640,Ronnie Barber,Physics,Term 1,2025,4,4,5,3,2,5,5,5,4,4
1641,Ronnie Barber,Physics,Term 1,2025,4,5,4,2,4,4,3,5,5,4
1642,Ronnie Barber,Physics,Term 1,2025,3,4,3,4,3,4,5,4,4,4
1643,Ronnie Barber,Physics,Term 1,2025,3,4,5,4,4,4,3,4,4,4
1644,Ronnie Barber,Physics,Term 1,2025,4,4,4,4,3,3,5,4,3,4
1645,Ronnie Barber,Physics,Term 1,2025,3,4,5,3,3,4,4,4,5,3
1646,Ronnie Barber,Physics,Term 1,2025,4,4,3,4,4,4,5,2,4,4
1647,Ronnie Barber,Physics,Term 1,2025,3,3,4,3,4,5,4,4,3,4
1648,Ronnie Barber,Physics,Term 1,2025,4,5,5,4,5,4,3,3,4,3
1649,Ronnie Barber,Physics,Term 1,2025,4,4,3,5,5,4,4,4,4,5
1650,Ronnie Barber,Physics,Term 1,2025,4,4,4,5,4,4,3,4,4,4
1651,Ronnie Barber,Physics,Term 1,2025,2,5,5,3,5,3,3,4,5,4
1652,Ronnie Barber,Physics,Term 1,2025,4,4,4,4,5,3,5,5,2,4
1653,Ronnie Barber,Physics,Term 1,2025,3,4,2,3,4,4,5,4,4,5
1654,Ronnie Barber,Physics,Term 1,2025,3,3,3,4,4,3,3,4,3,3
1655,Ronnie Barber,Physics,Term 1,2025,3,4,5,3,3,3,3,4,4,3
1656,Ronnie Barber,Physics,Term 1,2025,4,3,4,5,5,4,3,3,3,4
1657,Ronnie Barber,Physics,Term 1,2025,3,5,3,5,3,3,3,3,5,4
1658,Ronnie Barber,Physics,Term 2,2025,5,4,3,3,4,3,4,5,5,4
1659,Ronnie Barber,Physics,Term 2,2025,3,4,4,3,4,3,3,5,4,5
1660,Ronnie Barber,Physics,Term 2,2025,4,3,2,5,5,3,2,5,4,5
1661,Ronnie Barber,Physics,Term 2,2025,2,3,4,3,4,2,4,4,4,4
1662,Ronnie Barber,Physics,Term 2,2025,4,5,4,5,4,4,4,3,5,3
1663,Ronnie Barber,Physics,Term 2,2025,5,4,3,4,3,3,4,4,4,4
1664,Ronnie Barber,Physics,Term 2,2025,4,4,4,4,3,5,2,3,4,5
1665,Ronnie Barber,Physics,Term 2,2025,4,4,5,4,3,5,5,3,5,5
1666,Ronnie Barber,Physics,Term 2,2025,5,5,4,4,4,3,3,4,4,3
1667,Ronnie Barber,Physics,Term 2,2025,3,4,3,3,5,3,4,4,4,4
1668,Ronnie Barber,Physics,Term 2,2025,5,5,5,4,4,5,5,5,4,4
1669,Ronnie Barber,Physics,Term 2,2025,4,4,4,4,2,3,5,5,4,4
1670,Ronnie Barber,Physics,Term 2,2025,3,3,4,4,3,4,4,5,4,4
1671,Ronnie Barber,Physics,Term 2,2025,3,4,5,4,4,5,5,4,4,2
1672,Ronnie Barber,Physics,Term 2,2025,4,5,3,5,5,4,3,3,4,5
1673,Ronnie Barber,Physics,Term 2,2025,3,4,5,4,4,5,4,4,3,3
1674,Ronnie Barber,Physics,Term 2,2025,4,4,4,5,4,4,1,4,4,3
1675,Ronnie Barber,Physics,Term 2,2025,3,5,4,3,5,4,3,3,3,3
1676,Ronnie Barber,Physics,Term 2,2025,3,4,4,4,4,4,4,4,4,5
1677,Ronnie Barber,Physics,Term 2,2025,4,3,5,5,3,5,3,2,5,4
1678,Ronnie Barber,Physics,Term 3,2025,4,4,5,3,5,4,3,3,3,4
1679,Ronnie Barber,Physics,Term 3,2025,4,3,4,5,5,4,4,5,4,3
1680,Ronnie Barber,Physics,Term 3,2025,4,4,5,4,5,4,3,3,3,4
1681,Ronnie Barber,Physics,Term 3,2025,4,4,4,5,5,4,5,4,3,5
1682,Ronnie Barber,Physics,Term 3,2025,3,4,4,5,3,3,5,4,3,5
1683,Ronnie Barber,Physics,Term 3,2025,3,4,5,4,3,4,3,5,4,2
1684,Ronnie Barber,Physics,Term 3,2025,2,4,4,5,3,4,4,3,3,4
1685,Ronnie Barber,Physics,Term 3,2025,5,4,4,5,4,4,2,5,4,4
1686,Ronnie Barber,Physics,Term 3,2025,3,3,5,4,3,3,2,4,4,3
1687,Ronnie Barber,Physics,Term 3,2025,4,4,1,4,4,3,5,3,4,4
1688,Ronnie Barber,Physics,Term 3,2025,5,4,4,5,5,3,4,4,3,3
1689,Ronnie Barber,Physics,Term 3,2025,4,4,3,4,3,3,5,4,5,5
1690,Ronnie Barber,Physics,Term 3,2025,4,4,4,4,4,4,4,3,3,4
1691,Ronnie Barber,Physics,Term 3,2025,4,5,4,4,3,4,3,5,3,4
1692,Ronnie Barber,Physics,Term 3,2025,5,4,1,5,4,3,4,4,3,4
1693,Ronnie Barber,Physics,Term 3,2025,4,5,4,4,3,4,4,4,4,5
1694,Ronnie Barber,Physics,Term 3,2025,3,4,5,3,5,5,3,5,5,5
1695,Ronnie Barber,Physics,Term 3,2025,4,3,3,4,5,5,5,4,3,4
1696,Ronnie Barber,Physics,Term 3,2025,5,4,4,5,3,3,3,5,4,5
1697,Ronnie Barber,Physics,Term 3,2025,3,5,2,3,4,5,3,2,3,3
1698,Ronnie Barber,Physics,Term 3,2025,5,4,3,3,3,4,4,5,3,4
1699,Ronnie Barber,Physics,Term 3,2025,3,5,4,5,4,5,4,4,3,3
1700,Ronnie Barber,Physics,Term 3,2025,4,4,5,4,4,3,4,3,4,3
1701,Ronnie Barber,Physics,Term 3,2025,5,3,3,4,5,4,4,4,4,3
1702,Ronnie Barber,Physics,Term 3,2025,3,4,3,4,2,5,4,4,3,4
1703,Ronnie Barber,Physics,Term 3,2025,3,3,4,4,4,5,5,4,4,4
1704,Ronnie Barber,Physics,Term 3,2025,4,3,5,5,4,4,4,4,4,5
1705,Ronnie Barber,Physics,Term 3,2025,4,5,4,3,4,3,3,3,3,5
1706,Ronnie Barber,Physics,Term 3,2025,4,4,3,4,5,4,3,3,3,5
1707,Ronnie Barber,Physics,Term 3,2025,4,3,4,4,3,4,4,4,4,5
1708,Ronnie Barber,Physics,Term 3,2025,4,4,3,3,5,5,3,5,4,4
1709,Ronnie Barber,Physics,Term 3,2025,3,4,5,5,5,4,4,5,4,5
1710,Ronnie Barber,Physics,Term 3,2025,5,4,2,2,4,4,5,3,5,3
1711,Ronnie Barber,Physics,Term 3,2025,4,4,4,4,4,5,5,4,3,4
1712,Mary Harris,Mathematics,Term 1,2023,4,3,4,4,5,3,4,5,4,5
1713,Mary Harris,Mathematics,Term 1,2023,4,4,3,4,3,3,5,3,3,5
1714,Mary Harris,Mathematics,Term 1,2023,4,3,4,4,4,4,4,3,4,4
1715,Mary Harris,Mathematics,Term 1,2023,4,4,4,4,3,4,5,2,5,5
1716,Mary Harris,Mathematics,Term 1,2023,4,2,4,3,4,4,5,4,4,5
1717,Mary Harris,Mathematics,Term 1,2023,3,3,4,4,3,5,4,5,3,4
1718,Mary Harris,Mathematics,Term 1,2023,5,4,4,5,5,3,4,4,4,3
1719,Mary Harris,Mathematics,Term 1,2023,3,4,5,4,4,4,4,4,5,3
1720,Mary Harris,Mathematics,Term 1,2023,3,4,4,4,4,3,3,3,5,4
1721,Mary Harris,Mathematics,Term 1,2023,5,5,5,4,4,3,4,4,3,5
1722,Mary Harris,Mathematics,Term 1,2023,4,4,4,4,4,5,5,4,4,3
1723,Mary Harris,Mathematics,Term 1,2023,5,5,3,5,3,3,4,4,5,3
1724,Mary Harris,Mathematics,Term 1,2023,4,4,5,4,4,4,4,2,4,3
1725,Mary Harris,Mathematics,Term 1,2023,4,4,5,3,3,4,4,4,3,4
1726,Mary Harris,Mathematics,Term 1,2023,4,5,3,5,4,4,5,4,4,4
1727,Mary Harris,Mathematics,Term 1,2023,4,5,5,4,4,1,4,5,5,4
1728,Mary Harris,Mathematics,Term 1,2023,5,5,5,3,4,3,3,4,5,2
1729,Mary Harris,Mathematics,Term 1,2023,4,3,4,4,4,5,4,5,5,4
1730,Mary Harris,Mathematics,Term 1,2023,3,3,4,5,3,4,4,5,4,4
1731,Mary Harris,Mathematics,Term 1,2023,4,3,2,5,4,3,5,4,4,4
1732,Mary Harris,Mathematics,Term 1,2023,4,5,4,5,5,5,2,4,5,4
1733,Mary Harris,Mathematics,Term 1,2023,3,4,3,4,4,4,2,5,5,3
1734,Mary Harris,Mathematics,Term 1,2023,4,5,4,4,3,2,3,4,5,4
1735,Mary Harris,Mathematics,Term 2,2023,2,4,4,3,4,5,4,4,4,4
1736,Mary Harris,Mathematics,Term 2,2023,4,4,3,4,5,3,5,3,5,4
1737,Mary Harris,Mathematics,Term 2,2023,4,3,4,4,4,3,3,3,4,3
1738,Mary Harris,Mathematics,Term 2,2023,3,3,3,5,4,4,4,2,5,5
1739,Mary Harris,Mathematics,Term 2,2023,4,5,4,4,4,2,5,3,5,5
1740,Mary Harris,Mathematics,Term 2,2023,4,2,4,5,4,4,4,4,2,5
1741,Mary Harris,Mathematics,Term 2,2023,3,4,5,4,3,4,5,4,5,5
1742,Mary Harris,Mathematics,Term 2,2023,5,4,5,5,3,4,4,4,4,4
1743,Mary Harris,Mathematics,Term 2,2023,4,4,4,5,5,5,4,4,4,3
1744,Mary Harris,Mathematics,Term 2,2023,4,5,3,4,3,5,4,3,3,4
1745,Mary Harris,Mathematics,Term 2,2023,5,4,3,4,5,3,3,4,4,5
1746,Mary Harris,Mathematics,Term 2,2023,5,5,3,5,4,4,5,5,4,3
1747,Mary Harris,Mathematics,Term 2,2023,4,3,4,5,4,3,1,4,5,3
1748,Mary Harris,Mathematics,Term 2,2023,3,4,3,5,3,5,4,3,3,2
1749,Mary Harris,Mathematics,Term 2,2023,4,4,4,5,5,4,4,3,5,5
1750,Mary Harris,Mathematics,Term 2,2023,3,4,3,5,5,5,3,2,4,3
1751,Mary Harris,Mathematics,Term 2,2023,4,4,5,5,4,4,4,5,3,3
1752,Mary Harris,Mathematics,Term 2,2023,5,3,3,4,4,4,5,3,4,4
1753,Mary Harris,Mathematics,Term 2,2023,3,2,3,3,4,4,3,5,5,4
1754,Mary Harris,Mathematics,Term 2,2023,5,5,3,3,4,4,3,3,5,5
1755,Mary Harris,Mathematics,Term 2,2023,4,3,3,3,5,4,4,5,5,4
1756,Mary Harris,Mathematics,Term 2,2023,5,4,5,4,5,5,3,5,3,4
1757,Mary Harris,Mathematics,Term 2,2023,5,4,4,4,4,5,5,5,4,5
1758,Mary Harris,Mathematics,Term 2,2023,3,5,4,5,4,2,4,4,4,3
1759,Mary Harris,Mathematics,Term 2,2023,3,4,4,4,4,5,4,4,2,5
1760,Mary Harris,Mathematics,Term 2,2023,4,5,3,3,3,5,5,4,4,5
1761,Mary Harris,Mathematics,Term 2,2023,5,4,4,5,3,3,4,5,3,5
1762,Mary Harris,Mathematics,Term 2,2023,5,3,4,4,4,5,4,4,4,5
1763,Mary Harris,Mathematics,Term 2,2023,4,5,5,3,5,5,5,4,3,4
1764,Mary Harris,Mathematics,Term 2,2023,3,4,3,4,4,4,4,4,4,4
1765,Mary Harris,Mathematics,Term 2,2023,5,5,4,2,4,5,5,5,4,5
1766,Mary Harris,Mathematics,Term 2,2023,4,4,4,5,3,3,4,3,4,5
1767,Mary Harris,Mathematics,Term 3,2023,5,3,3,5,5,4,3,5,5,4
1768,Mary Harris,Mathematics,Term 3,2023,5,3,4,4,4,3,4,4,4,5
1769,Mary Harris,Mathematics,Term 3,2023,4,3,4,5,3,3,4,5,3,5
1770,Mary Harris,Mathematics,Term 3,2023,4,4,4,4,4,4,4,5,4,4
1771,Mary Harris,Mathematics,Term 3,2023,5,5,5,4,5,5,4,5,4,5
1772,Mary Harris,Mathematics,Term 3,2023,4,3,4,5,5,3,5,4,5,3
1773,Mary Harris,Mathematics,Term 3,2023,5,4,5,4,5,4,4,4,4,4
1774,Mary Harris,Mathematics,Term 3,2023,5,5,5,4,4,2,5,4,4,4
1775,Mary Harris,Mathematics,Term 3,2023,4,5,4,3,4,3,4,3,4,4
1776,Mary Harris,Mathematics,Term 3,2023,5,4,5,3,3,3,5,3,5,4
1777,Mary Harris,Mathematics,Term 3,2023,5,2,4,5,5,5,3,5,4,4
1778,Mary Harris,Mathematics,Term 3,2023,4,4,3,5,5,4,4,4,5,3
1779,Mary Harris,Mathematics,Term 3,2023,4,4,4,5,4,4,5,4,5,4
1780,Mary Harris,Mathematics,Term 3,2023,5,4,4,4,3,5,4,5,5,5
1781,Mary Harris,Mathematics,Term 3,2023,3,4,5,3,4,4,4,2,3,5
1782,Mary Harris,Mathematics,Term 3,2023,5,5,4,4,4,3,5,5,4,4
1783,Mary Harris,Mathematics,Term 3,2023,4,4,3,5,4,3,5,4,4,4
1784,Mary Harris,Mathematics,Term 3,2023,4,4,4,5,4,4,5,3,5,5
1785,Mary Harris,Mathematics,Term 3,2023,4,4,4,4,4,4,5,4,4,5
1786,Mary Harris,Mathematics,Term 3,2023,5,4,4,4,5,5,4,4,5,2
1787,Mary Harris,Mathematics,Term 3,2023,5,4,4,5,5,4,4,3,4,5
1788,Mary Harris,Mathematics,Term 1,2024,4,3,3,4,4,5,4,5,4,4
1789,Mary Harris,Mathematics,Term 1,2024,3,4,4,4,5,4,4,5,3,5
1790,Mary Harris,Mathematics,Term 1,2024,4,5,3,3,4,4,3,4,4,4
1791,Mary Harris,Mathematics,Term 1,2024,5,4,4,4,3,4,3,5,4,4
1792,Mary Harris,Mathematics,Term 1,2024,4,5,4,3,5,5,3,4,5,4
1793,Mary Harris,Mathematics,Term 1,2024,5,5,5,4,5,3,4,4,4,5
1794,Mary Harris,Mathematics,Term 1,2024,4,4,4,5,4,4,4,3,4,4
1795,Mary Harris,Mathematics,Term 1,2024,5,3,3,5,5,5,5,3,4,4
1796,Mary Harris,Mathematics,Term 1,2024,4,4,5,5,4,5,5,4,4,4
1797,Mary Harris,Mathematics,Term 1,2024,3,4,4,5,4,4,4,4,4,3
1798,Mary Harris,Mathematics,Term 1,2024,5,4,5,3,5,3,5,4,5,5
1799,Mary Harris,Mathematics,Term 1,2024,5,4,4,4,3,4,5,5,5,5
1800,Mary Harris,Mathematics,Term 1,2024,3,4,5,4,4,4,4,5,3,2
1801,Mary Harris,Mathematics,Term 1,2024,3,5,4,4,5,3,5,4,5,4
1802,Mary Harris,Mathematics,Term 1,2024,5,5,4,4,3,3,5,4,3,4
1803,Mary Harris,Mathematics,Term 1,2024,4,3,5,4,3,4,3,4,5,4
1804,Mary Harris,Mathematics,Term 1,2024,4,4,4,4,5,3,5,5,4,5
1805,Mary Harris,Mathematics,Term 1,2024,4,4,5,4,4,4,4,3,4,5
1806,Mary Harris,Mathematics,Term 1,2024,4,4,5,4,3,5,4,4,4,3
1807,Mary Harris,Mathematics,Term 1,2024,4,4,5,4,5,4,4,4,3,3
1808,Mary Harris,Mathematics,Term 1,2024,4,4,4,5,5,4,4,4,4,4
1809,Mary Harris,Mathematics,Term 1,2024,3,4,5,5,5,3,5,5,5,5
1810,Mary Harris,Mathematics,Term 1,2024,4,3,3,2,5,5,5,5,4,3
1811,Mary Harris,Mathematics,Term 1,2024,3,4,3,2,4,4,4,4,3,5
1812,Mary Harris,Mathematics,Term 1,2024,5,4,2,4,4,3,5,5,4,5
1813,Mary Harris,Mathematics,Term 1,2024,3,4,3,2,4,4,5,3,4,4
1814,Mary Harris,Mathematics,Term 1,2024,3,4,3,4,4,5,5,5,4,4
1815,Mary Harris,Mathematics,Term 1,2024,5,4,3,4,4,5,5,4,4,4
1816,Mary Harris,Mathematics,Term 1,2024,3,5,2,4,3,3,3,4,5,3
1817,Mary Harris,Mathematics,Term 1,2024,5,4,4,4,4,4,5,4,4,5
1818,Mary Harris,Mathematics,Term 1,2024,4,5,5,5,4,5,4,5,4,4
1819,Mary Harris,Mathematics,Term 1,2024,4,5,5,5,4,2,2,4,4,3
1820,Mary Harris,Mathematics,Term 1,2024,4,4,5,4,4,3,4,5,4,5
1821,Mary Harris,Mathematics,Term 1,2024,4,5,4,3,5,5,5,5,4,4
1822,Mary Harris,Mathematics,Term 1,2024,4,4,5,4,5,4,5,4,5,3
1823,Mary Harris,Mathematics,Term 1,2024,5,5,5,4,2,4,4,4,5,5
1824,Mary Harris,Mathematics,Term 1,2024,5,3,4,3,4,3,4,5,5,3
1825,Mary Harris,Mathematics,Term 1,2024,4,4,4,4,4,4,3,4,5,3
1826,Mary Harris,Mathematics,Term 1,2024,4,3,4,5,4,5,4,4,4,3
1827,Mary Harris,Mathematics,Term 1,2024,4,4,5,3,5,5,4,4,5,5
1828,Mary Harris,Mathematics,Term 2,2024,5,4,3,2,3,4,5,3,3,4
1829,Mary Harris,Mathematics,Term 2,2024,4,4,5,4,4,4,5,3,5,5
1830,Mary Harris,Mathematics,Term 2,2024,3,4,3,3,4,3,5,5,3,3
1831,Mary Harris,Mathematics,Term 2,2024,5,3,3,4,5,4,5,3,5,4
1832,Mary Harris,Mathematics,Term 2,2024,3,5,4,5,5,5,5,3,5,4
1833,Mary Harris,Mathematics,Term 2,2024,5,4,5,4,5,5,3,4,5,5
1834,Mary Harris,Mathematics,Term 2,2024,3,4,4,4,5,4,3,4,3,4
1835,Mary Harris,Mathematics,Term 2,2024,3,3,5,3,4,5,3,4,5,5
1836,Mary Harris,Mathematics,Term 2,2024,4,3,5,4,5,5,3,3,3,3
1837,Mary Harris,Mathematics,Term 2,2024,4,5,3,3,3,4,5,3,5,4
1838,Mary Harris,Mathematics,Term 2,2024,3,4,4,5,4,3,5,5,3,3
1839,Mary Harris,Mathematics,Term 2,2024,4,3,5,5,4,4,4,4,4,4
1840,Mary Harris,Mathematics,Term 2,2024,4,4,3,4,4,4,3,4,4,3
1841,Mary Harris,Mathematics,Term 2,2024,5,5,4,3,3,5,5,5,3,5
1842,Mary Harris,Mathematics,Term 2,2024,5,5,3,5,3,5,4,5,3,5
1843,Mary Harris,Mathematics,Term 2,2024,3,3,5,3,3,5,4,5,4,3
1844,Mary Harris,Mathematics,Term 2,2024,4,4,4,4,4,4,4,5,5,5
1845,Mary Harris,Mathematics,Term 2,2024,5,5,4,5,4,5,5,5,4,4
1846,Mary Harris,Mathematics,Term 3,2024,4,3,3,5,4,4,4,3,4,5
1847,Mary Harris,Mathematics,Term 3,2024,4,4,3,4,4,3,5,2,3,4
1848,Mary Harris,Mathematics,Term 3,2024,5,4,4,4,4,3,5,5,5,4
1849,Mary Harris,Mathematics,Term 3,2024,4,5,4,5,4,4,3,3,5,5
1850,Mary Harris,Mathematics,Term 3,2024,3,3,3,3,5,3,5,4,5,4
1851,Mary Harris,Mathematics,Term 3,2024,4,4,4,4,4,3,2,4,5,4
1852,Mary Harris,Mathematics,Term 3,2024,2,4,4,3,2,4,5,4,3,2
1853,Mary Harris,Mathematics,Term 3,2024,5,4,5,4,4,4,4,5,5,5
1854,Mary Harris,Mathematics,Term 3,2024,4,4,4,4,5,3,4,4,4,4
1855,Mary Harris,Mathematics,Term 3,2024,4,5,4,4,4,4,3,5,4,2
1856,Mary Harris,Mathematics,Term 3,2024,4,3,4,4,4,5,4,5,5,4
1857,Mary Harris,Mathematics,Term 3,2024,4,4,3,3,4,4,4,5,5,4
1858,Mary Harris,Mathematics,Term 3,2024,2,4,5,4,4,4,4,3,4,3
1859,Mary Harris,Mathematics,Term 3,2024,3,4,4,3,5,4,4,5,3,3
1860,Mary Harris,Mathematics,Term 3,2024,4,3,4,4,4,5,5,3,3,4
1861,Mary Harris,Mathematics,Term 3,2024,3,4,3,4,5,5,5,3,5,5
1862,Mary Harris,Mathematics,Term 3,2024,3,3,5,3,4,3,4,5,5,5
1863,Mary Harris,Mathematics,Term 3,2024,5,3,4,4,5,5,3,4,4,5
1864,Mary Harris,Mathematics,Term 3,2024,4,4,4,4,4,5,3,5,4,4
1865,Mary Harris,Mathematics,Term 3,2024,4,5,4,5,5,4,4,3,3,5
1866,Mary Harris,Mathematics,Term 3,2024,4,4,5,4,3,3,4,4,4,3
1867,Mary Harris,Mathematics,Term 3,2024,4,5,5,4,4,4,4,5,3,4
1868,Mary Harris,Mathematics,Term 3,2024,5,3,4,2,3,5,3,3,5,4
1869,Mary Harris,Mathematics,Term 3,2024,4,4,4,4,4,4,4,5,5,4
1870,Mary Harris,Mathematics,Term 1,2025,4,3,5,4,3,3,4,4,4,5
1871,Mary Harris,Mathematics,Term 1,2025,4,3,3,4,4,4,5,5,3,4
1872,Mary Harris,Mathematics,Term 1,2025,4,3,5,4,5,4,5,4,3,5
1873,Mary Harris,Mathematics,Term 1,2025,3,3,4,4,5,4,3,4,2,4
1874,Mary Harris,Mathematics,Term 1,2025,3,5,4,5,5,5,5,5,5,3
1875,Mary Harris,Mathematics,Term 1,2025,5,4,4,5,4,4,3,4,5,3
1876,Mary Harris,Mathematics,Term 1,2025,5,5,4,4,4,5,5,3,4,5
1877,Mary Harris,Mathematics,Term 1,2025,5,3,4,4,3,5,5,4,4,5
1878,Mary Harris,Mathematics,Term 1,2025,4,5,5,4,5,4,4,3,4,3
1879,Mary Harris,Mathematics,Term 1,2025,4,4,5,4,4,3,4,5,4,3
1880,Mary Harris,Mathematics,Term 1,2025,4,5,4,4,3,4,4,5,4,4
1881,Mary Harris,Mathematics,Term 1,2025,4,2,5,3,3,3,5,5,3,5
1882,Mary Harris,Mathematics,Term 1,2025,5,4,5,5,4,5,4,4,4,3
1883,Mary Harris,Mathematics,Term 1,2025,4,3,4,4,5,4,4,4,3,4
1884,Mary Harris,Mathematics,Term 1,2025,4,5,5,5,4,4,4,3,4,4
1885,Mary Harris,Mathematics,Term 1,2025,5,5,4,3,5,4,3,4,4,4
1886,Mary Harris,Mathematics,Term 1,2025,4,4,4,5,4,4,4,5,3,4
1887,Mary Harris,Mathematics,Term 1,2025,3,4,4,3,4,3,5,4,4,4
1888,Mary Harris,Mathematics,Term 1,2025,5,4,4,4,5,3,4,5,5,4
1889,Mary Harris,Mathematics,Term 1,2025,5,5,4,4,5,4,3,4,5,3
1890,Mary Harris,Mathematics,Term 1,2025,5,4,4,5,5,4,4,4,4,3
1891,Mary Harris,Mathematics,Term 1,2025,5,3,4,3,4,4,4,5,4,4
1892,Mary Harris,Mathematics,Term 1,2025,5,4,4,3,5,4,5,5,4,4
1893,Mary Harris,Mathematics,Term 1,2025,4,4,4,4,4,3,3,3,4,4
1894,Mary Harris,Mathematics,Term 1,2025,4,4,4,5,5,3,3,4,4,5
1895,Mary Harris,Mathematics,Term 1,2025,5,5,4,4,4,5,4,5,2,4
1896,Mary Harris,Mathematics,Term 1,2025,4,5,3,4,4,5,4,3,5,5
1897,Mary Harris,Mathematics,Term 1,2025,4,4,3,5,5,3,5,2,4,4
1898,Mary Harris,Mathematics,Term 1,2025,3,4,4,5,5,5,5,4,3,4
1899,Mary Harris,Mathematics,Term 1,2025,4,4,5,4,4,3,5,4,5,4
1900,Mary Harris,Mathematics,Term 1,2025,4,3,3,5,5,5,4,3,5,3
1901,Mary Harris,Mathematics,Term 1,2025,3,4,5,5,5,3,4,4,3,4
1902,Mary Harris,Mathematics,Term 1,2025,4,3,4,5,4,5,5,4,5,3
1903,Mary Harris,Mathematics,Term 1,2025,5,5,4,4,3,5,4,4,5,4
1904,Mary Harris,Mathematics,Term 1,2025,4,4,3,4,4,4,4,4,4,3
1905,Mary Harris,Mathematics,Term 1,2025,4,4,3,4,5,5,4,3,4,5
1906,Mary Harris,Mathematics,Term 1,2025,4,4,3,3,4,4,5,4,4,4
1907,Mary Harris,Mathematics,Term 1,2025,4,4,5,5,2,3,4,4,4,4
1908,Mary Harris,Mathematics,Term 2,2025,4,3,3,5,4,5,4,5,5,4
1909,Mary Harris,Mathematics,Term 2,2025,3,4,4,4,4,3,5,4,3,4
1910,Mary Harris,Mathematics,Term 2,2025,5,4,3,4,5,5,3,4,5,4
1911,Mary Harris,Mathematics,Term 2,2025,3,3,3,3,3,3,4,4,4,5
1912,Mary Harris,Mathematics,Term 2,2025,3,5,5,3,4,4,4,4,4,4
1913,Mary Harris,Mathematics,Term 2,2025,4,4,4,4,4,3,4,5,5,3
1914,Mary Harris,Mathematics,Term 2,2025,4,5,4,5,2,3,3,4,4,5
1915,Mary Harris,Mathematics,Term 2,2025,5,4,5,3,5,3,5,5,5,5
1916,Mary Harris,Mathematics,Term 2,2025,3,2,4,5,3,5,4,5,4,5
1917,Mary Harris,Mathematics,Term 2,2025,5,3,4,5,5,5,3,5,3,3
1918,Mary Harris,Mathematics,Term 2,2025,3,4,5,4,4,3,4,4,3,2
1919,Mary Harris,Mathematics,Term 2,2025,3,4,5,3,4,5,5,4,4,5
1920,Mary Harris,Mathematics,Term 2,2025,4,4,4,3,3,4,5,4,4,5
1921,Mary Harris,Mathematics,Term 2,2025,4,3,4,3,5,5,4,5,3,5
1922,Mary Harris,Mathematics,Term 2,2025,4,5,4,5,4,5,4,5,4,4
1923,Mary Harris,Mathematics,Term 2,2025,3,5,5,3,4,5,4,4,3,4
1924,Mary Harris,Mathematics,Term 2,2025,3,5,2,3,4,3,3,5,5,4
1925,Mary Harris,Mathematics,Term 2,2025,5,4,4,4,4,4,4,5,4,5
1926,Mary Harris,Mathematics,Term 2,2025,3,4,3,5,5,3,4,5,4,5
1927,Mary Harris,Mathematics,Term 2,2025,4,4,4,4,5,4,4,5,5,5
1928,Mary Harris,Mathematics,Term 2,2025,5,5,5,4,3,3,4,4,3,4
1929,Mary Harris,Mathematics,Term 2,2025,3,2,2,3,4,5,3,5,5,4
1930,Mary Harris,Mathematics,Term 2,2025,3,4,3,4,4,5,3,4,4,4
1931,Mary Harris,Mathematics,Term 2,2025,2,4,4,4,4,5,4,4,4,5
1932,Mary Harris,Mathematics,Term 2,2025,4,5,5,5,4,3,4,4,3,5
1933,Mary Harris,Mathematics,Term 2,2025,4,5,4,4,4,4,3,3,5,4
1934,Mary Harris,Mathematics,Term 2,2025,3,5,5,5,2,5,3,4,4,5
1935,Mary Harris,Mathematics,Term 2,2025,4,4,5,5,4,4,5,5,3,5
1936,Mary Harris,Mathematics,Term 2,2025,3,4,3,4,5,4,4,3,5,3
1937,Mary Harris,Mathematics,Term 2,2025,4,4,4,4,3,5,3,5,4,5
1938,Mary Harris,Mathematics,Term 3,2025,4,4,5,3,4,4,4,4,4,4
1939,Mary Harris,Mathematics,Term 3,2025,5,4,5,5,2,3,3,4,4,4
1940,Mary Harris,Mathematics,Term 3,2025,3,2,5,5,5,5,5,3,3,5
1941,Mary Harris,Mathematics,Term 3,2025,2,4,5,5,4,3,5,4,3,2
1942,Mary Harris,Mathematics,Term 3,2025,5,5,4,4,4,4,3,4,4,5
1943,Mary Harris,Mathematics,Term 3,2025,3,4,4,4,4,3,5,4,5,4
1944,Mary Harris,Mathematics,Term 3,2025,5,4,5,4,4,4,3,4,4,4
1945,Mary Harris,Mathematics,Term 3,2025,4,4,3,4,5,3,5,4,4,5
1946,Mary Harris,Mathematics,Term 3,2025,4,5,3,5,5,4,4,4,4,4
1947,Mary Harris,Mathematics,Term 3,2025,4,4,4,4,4,4,4,5,4,4
1948,Mary Harris,Mathematics,Term 3,2025,4,3,4,4,4,5,5,4,5,4
1949,Mary Harris,Mathematics,Term 3,2025,4,5,4,3,4,4,4,4,4,3
1950,Mary Harris,Mathematics,Term 3,2025,5,4,4,4,5,5,4,5,4,5
1951,Mary Harris,Mathematics,Term 3,2025,3,5,4,5,4,5,4,5,2,4
1952,Mary Harris,Mathematics,Term 3,2025,5,4,5,5,3,5,5,5,3,5
1953,Mary Harris,Mathematics,Term 3,2025,5,4,5,3,4,5,4,4,4,4
1954,Mary Harris,Mathematics,Term 3,2025,4,4,5,4,4,3,3,4,5,5
1955,Mary Harris,Mathematics,Term 3,2025,5,4,5,4,5,4,5,4,5,5
1956,Mary Harris,Mathematics,Term 3,2025,4,4,5,5,5,5,4,5,4,3
1957,Mary Harris,Mathematics,Term 3,2025,4,4,3,4,3,2,5,4,4,4
1958,Mary Harris,Mathematics,Term 3,2025,5,4,3,5,2,4,4,5,5,4
1959,Mary Harris,Mathematics,Term 3,2025,4,5,4,3,3,4,3,3,4,3
1960,Mary Harris,Mathematics,Term 3,2025,5,3,5,3,5,4,5,4,4,5
1961,Mary Harris,Mathematics,Term 3,2025,3,3,3,4,3,5,5,4,5,2
1962,Mary Harris,Mathematics,Term 3,2025,3,5,3,4,5,4,3,4,4,4
1963,Mary Harris,Mathematics,Term 3,2025,4,5,3,5,5,5,5,5,4,4
1964,Mary Harris,Mathematics,Term 3,2025,5,4,4,5,4,3,4,4,5,4
1965,Mary Harris,Mathematics,Term 3,2025,5,4,4,4,4,5,4,3,4,4
1966,Mary Harris,Mathematics,Term 3,2025,4,4,5,4,4,4,5,2,4,4
1967,Mary Harris,Mathematics,Term 3,2025,4,5,5,4,5,5,5,4,4,5
1968,Mary Harris,Mathematics,Term 3,2025,4,5,3,4,4,5,5,5,4,4
1969,Miguel Wilson,Mathematics,Term 1,2023,5,3,3,5,3,5,3,3,5,3
1970,Miguel Wilson,Mathematics,Term 1,2023,4,2,3,3,3,4,3,4,4,3
1971,Miguel Wilson,Mathematics,Term 1,2023,3,4,4,5,4,3,2,4,3,3
1972,Miguel Wilson,Mathematics,Term 1,2023,4,3,5,5,5,5,4,5,4,4
1973,Miguel Wilson,Mathematics,Term 1,2023,5,3,5,5,4,3,4,3,4,4
1974,Miguel Wilson,Mathematics,Term 1,2023,4,4,4,3,4,5,5,4,3,5
1975,Miguel Wilson,Mathematics,Term 1,2023,4,4,4,3,4,5,4,3,4,4
1976,Miguel Wilson,Mathematics,Term 1,2023,5,4,3,4,4,5,4,3,4,5
1977,Miguel Wilson,Mathematics,Term 1,2023,3,4,3,5,5,4,3,4,4,4
1978,Miguel Wilson,Mathematics,Term 1,2023,4,3,3,3,4,5,5,5,3,5
1979,Miguel Wilson,Mathematics,Term 1,2023,4,4,5,5,3,4,4,4,4,5
1980,Miguel Wilson,Mathematics,Term 1,2023,4,4,4,3,5,3,2,3,2,4
1981,Miguel Wilson,Mathematics,Term 1,2023,3,5,4,4,3,4,5,2,4,3
1982,Miguel Wilson,Mathematics,Term 1,2023,5,3,5,4,3,3,4,3,3,5
1983,Miguel Wilson,Mathematics,Term 1,2023,2,5,4,4,5,4,3,5,2,4
1984,Miguel Wilson,Mathematics,Term 1,2023,5,3,3,3,4,2,2,3,3,4
1985,Miguel Wilson,Mathematics,Term 1,2023,4,3,5,4,5,4,3,3,3,4
1986,Miguel Wilson,Mathematics,Term 1,2023,4,3,4,4,3,5,3,4,3,3
1987,Miguel Wilson,Mathematics,Term 1,2023,3,3,4,4,3,4,4,5,5,4
1988,Miguel Wilson,Mathematics,Term 1,2023,4,3,4,2,3,4,5,4,4,4
1989,Miguel Wilson,Mathematics,Term 1,2023,3,3,3,5,4,3,3,2,4,3
1990,Miguel Wilson,Mathematics,Term 1,2023,4,4,3,4,5,3,3,4,5,5
1991,Miguel Wilson,Mathematics,Term 1,2023,3,3,4,4,4,3,5,5,3,3
1992,Miguel Wilson,Mathematics,Term 1,2023,4,4,4,4,4,2,5,2,2,3
1993,Miguel Wilson,Mathematics,Term 1,2023,3,5,5,3,3,4,4,5,3,4
1994,Miguel Wilson,Mathematics,Term 1,2023,4,5,5,5,4,5,5,3,4,4
1995,Miguel Wilson,Mathematics,Term 1,2023,4,4,5,4,4,4,3,5,5,3
1996,Miguel Wilson,Mathematics,Term 1,2023,4,5,4,4,4,4,3,4,3,4
1997,Miguel Wilson,Mathematics,Term 1,2023,5,5,3,3,3,4,3,5,3,4
1998,Miguel Wilson,Mathematics,Term 1,2023,4,3,4,3,3,4,4,3,5,4
1999,Miguel Wilson,Mathematics,Term 1,2023,3,4,5,3,4,4,4,3,4,4
2000,Miguel Wilson,Mathematics,Term 1,2023,5,4,5,4,5,4,4,4,4,3
2001,Miguel Wilson,Mathematics,Term 1,2023,4,3,4,2,4,3,4,3,5,3
2002,Miguel Wilson,Mathematics,Term 2,2023,4,5,5,5,3,4,3,4,4,5
2003,Miguel Wilson,Mathematics,Term 2,2023,4,3,3,4,4,4,4,3,4,4
2004,Miguel Wilson,Mathematics,Term 2,2023,2,4,4,4,3,4,4,4,3,5
2005,Miguel Wilson,Mathematics,Term 2,2023,3,4,5,4,5,3,5,4,4,4
2006,Miguel Wilson,Mathematics,Term 2,2023,3,4,4,4,2,5,5,2,4,4
2007,Miguel Wilson,Mathematics,Term 2,2023,5,3,5,3,4,5,4,4,4,5
2008,Miguel Wilson,Mathematics,Term 2,2023,4,4,5,4,3,4,5,5,4,5
2009,Miguel Wilson,Mathematics,Term 2,2023,4,3,3,3,4,4,5,4,4,3
2010,Miguel Wilson,Mathematics,Term 2,2023,5,5,4,3,3,5,4,4,4,3
2011,Miguel Wilson,Mathematics,Term 2,2023,5,4,5,3,3,4,4,4,5,3
2012,Miguel Wilson,Mathematics,Term 2,2023,3,3,3,4,4,4,5,4,3,4
2013,Miguel Wilson,Mathematics,Term 2,2023,3,2,5,5,5,4,5,3,4,5
2014,Miguel Wilson,Mathematics,Term 2,2023,4,4,4,5,5,4,4,3,4,4
2015,Miguel Wilson,Mathematics,Term 2,2023,4,3,5,3,4,3,4,4,4,2
2016,Miguel Wilson,Mathematics,Term 2,2023,3,5,4,5,4,5,4,3,4,4
2017,Miguel Wilson,Mathematics,Term 2,2023,4,2,5,4,2,3,4,3,3,4
2018,Miguel Wilson,Mathematics,Term 2,2023,3,4,3,4,5,4,4,3,5,4
2019,Miguel Wilson,Mathematics,Term 2,2023,5,4,5,5,5,4,4,4,4,4
2020,Miguel Wilson,Mathematics,Term 2,2023,3,4,4,4,3,3,3,4,4,4
2021,Miguel Wilson,Mathematics,Term 2,2023,4,3,4,2,5,4,5,4,4,5
2022,Miguel Wilson,Mathematics,Term 2,2023,4,3,5,4,3,3,3,5,4,4
2023,Miguel Wilson,Mathematics,Term 2,2023,5,5,4,4,4,5,4,5,3,4
2024,Miguel Wilson,Mathematics,Term 2,2023,3,3,5,4,4,4,4,5,4,5
2025,Miguel Wilson,Mathematics,Term 2,2023,4,3,4,5,4,4,4,5,5,5
2026,Miguel Wilson,Mathematics,Term 2,2023,4,4,5,3,2,2,4,4,3,4
2027,Miguel Wilson,Mathematics,Term 2,2023,4,3,4,3,4,5,4,4,4,4
2028,Miguel Wilson,Mathematics,Term 2,2023,3,3,4,5,3,3,4,3,5,4
2029,Miguel Wilson,Mathematics,Term 2,2023,4,3,4,3,4,5,5,4,3,3
2030,Miguel Wilson,Mathematics,Term 2,2023,4,4,5,4,4,4,4,4,3,5
2031,Miguel Wilson,Mathematics,Term 2,2023,4,5,4,4,5,3,4,4,3,5
2032,Miguel Wilson,Mathematics,Term 2,2023,4,4,5,4,3,5,5,3,3,3
2033,Miguel Wilson,Mathematics,Term 2,2023,1,5,3,3,4,4,4,4,5,3
2034,Miguel Wilson,Mathematics,Term 2,2023,5,4,3,4,4,5,4,3,3,3
2035,Miguel Wilson,Mathematics,Term 2,2023,4,5,4,3,5,3,5,4,4,4
2036,Miguel Wilson,Mathematics,Term 2,2023,5,5,4,4,3,3,4,5,3,5
2037,Miguel Wilson,Mathematics,Term 2,2023,4,5,2,3,5,4,4,4,4,4
2038,Miguel Wilson,Mathematics,Term 2,2023,4,5,5,5,5,4,5,5,5,4
2039,Miguel Wilson,Mathematics,Term 2,2023,5,5,3,4,4,5,4,5,4,4
2040,Miguel Wilson,Mathematics,Term 2,2023,3,4,5,4,3,3,5,3,2,5
2041,Miguel Wilson,Mathematics,Term 3,2023,4,4,5,3,5,2,4,5,4,3
2042,Miguel Wilson,Mathematics,Term 3,2023,4,5,4,3,4,5,5,2,5,5
2043,Miguel Wilson,Mathematics,Term 3,2023,3,4,4,3,4,3,4,3,4,4
2044,Miguel Wilson,Mathematics,Term 3,2023,4,3,2,5,5,4,4,4,2,5
2045,Miguel Wilson,Mathematics,Term 3,2023,3,3,5,4,3,4,3,4,4,4
2046,Miguel Wilson,Mathematics,Term 3,2023,2,4,3,5,4,5,3,3,3,4
2047,Miguel Wilson,Mathematics,Term 3,2023,3,2,4,5,5,4,3,4,5,3
2048,Miguel Wilson,Mathematics,Term 3,2023,4,5,4,5,4,4,4,3,4,4
2049,Miguel Wilson,Mathematics,Term 3,2023,3,5,4,4,5,3,4,4,4,3
2050,Miguel Wilson,Mathematics,Term 3,2023,5,4,3,3,2,4,5,3,4,4
2051,Miguel Wilson,Mathematics,Term 3,2023,4,4,4,3,3,4,4,5,5,4
2052,Miguel Wilson,Mathematics,Term 3,2023,4,4,4,5,3,4,5,3,5,3
2053,Miguel Wilson,Mathematics,Term 3,2023,3,4,4,2,2,5,4,4,4,3
2054,Miguel Wilson,Mathematics,Term 3,2023,3,4,3,4,5,2,4,3,4,4
2055,Miguel Wilson,Mathematics,Term 3,2023,4,4,4,4,3,4,3,2,3,5
2056,Miguel Wilson,Mathematics,Term 3,2023,4,4,4,3,4,3,4,3,3,4
2057,Miguel Wilson,Mathematics,Term 3,2023,3,4,4,1,5,3,4,3,4,3
2058,Miguel Wilson,Mathematics,Term 3,2023,5,3,5,2,4,3,4,4,4,4
2059,Miguel Wilson,Mathematics,Term 3,2023,4,4,3,5,3,4,4,3,4,2
2060,Miguel Wilson,Mathematics,Term 3,2023,4,3,4,5,5,3,2,4,4,3
2061,Miguel Wilson,Mathematics,Term 3,2023,4,4,4,3,3,3,3,4,3,3
2062,Miguel Wilson,Mathematics,Term 3,2023,4,4,5,5,5,4,4,3,5,4
2063,Miguel Wilson,Mathematics,Term 3,2023,5,4,4,4,3,4,5,3,4,2
2064,Miguel Wilson,Mathematics,Term 3,2023,4,4,4,4,4,4,4,4,3,3
2065,Miguel Wilson,Mathematics,Term 3,2023,5,4,3,4,4,3,3,5,3,2
2066,Miguel Wilson,Mathematics,Term 3,2023,4,4,4,3,4,4,2,4,5,4
2067,Miguel Wilson,Mathematics,Term 3,2023,3,5,5,3,4,3,3,4,5,4
2068,Miguel Wilson,Mathematics,Term 3,2023,4,5,3,3,4,4,4,5,3,5
2069,Miguel Wilson,Mathematics,Term 3,2023,3,3,5,5,4,5,3,2,5,3
2070,Miguel Wilson,Mathematics,Term 3,2023,4,5,3,3,3,3,3,3,5,3
2071,Miguel Wilson,Mathematics,Term 3,2023,4,3,4,5,4,3,4,3,4,3
2072,Miguel Wilson,Mathematics,Term 3,2023,4,4,4,5,4,4,3,3,4,4
2073,Miguel Wilson,Mathematics,Term 3,2023,4,4,3,4,3,5,4,4,4,5
2074,Miguel Wilson,Mathematics,Term 3,2023,5,3,4,5,5,4,5,2,3,2
2075,Miguel Wilson,Mathematics,Term 3,2023,3,4,3,3,2,4,3,5,4,5
2076,Miguel Wilson,Mathematics,Term 3,2023,4,5,4,4,5,4,4,4,3,4
2077,Miguel Wilson,Mathematics,Term 3,2023,5,4,3,4,3,3,5,4,3,4
2078,Miguel Wilson,Mathematics,Term 1,2024,4,4,5,3,4,3,5,4,4,4
2079,Miguel Wilson,Mathematics,Term 1,2024,3,3,4,4,5,4,5,4,3,5
2080,Miguel Wilson,Mathematics,Term 1,2024,5,4,4,3,3,2,4,4,5,3
2081,Miguel Wilson,Mathematics,Term 1,2024,4,5,3,4,3,3,3,3,3,4
2082,Miguel Wilson,Mathematics,Term 1,2024,4,3,3,4,5,4,2,3,3,3
2083,Miguel Wilson,Mathematics,Term 1,2024,5,4,4,5,4,4,4,3,3,5
2084,Miguel Wilson,Mathematics,Term 1,2024,4,2,4,5,4,4,5,4,4,2
2085,Miguel Wilson,Mathematics,Term 1,2024,4,5,4,4,4,4,3,5,5,4
2086,Miguel Wilson,Mathematics,Term 1,2024,5,4,3,4,5,4,4,4,2,3
2087,Miguel Wilson,Mathematics,Term 1,2024,3,5,4,3,4,4,3,3,5,2
2088,Miguel Wilson,Mathematics,Term 1,2024,3,5,3,3,3,4,4,3,5,3
2089,Miguel Wilson,Mathematics,Term 1,2024,4,3,4,4,3,4,4,4,5,3
2090,Miguel Wilson,Mathematics,Term 1,2024,5,4,3,4,4,3,4,5,2,4
2091,Miguel Wilson,Mathematics,Term 1,2024,4,3,4,5,3,3,3,4,3,4
2092,Miguel Wilson,Mathematics,Term 1,2024,5,4,4,4,5,3,3,2,4,4
2093,Miguel Wilson,Mathematics,Term 1,2024,3,3,5,5,4,3,3,4,4,4
2094,Miguel Wilson,Mathematics,Term 1,2024,4,3,4,4,3,4,3,3,3,3
2095,Miguel Wilson,Mathematics,Term 1,2024,4,3,5,3,4,4,3,4,2,5
2096,Miguel Wilson,Mathematics,Term 2,2024,4,5,4,4,5,4,3,5,4,4
2097,Miguel Wilson,Mathematics,Term 2,2024,4,5,5,5,4,5,4,3,4,4
2098,Miguel Wilson,Mathematics,Term 2,2024,3,3,3,5,4,4,4,5,4,4
2099,Miguel Wilson,Mathematics,Term 2,2024,2,2,3,3,3,4,4,3,5,4
2100,Miguel Wilson,Mathematics,Term 2,2024,4,4,5,4,4,3,4,3,3,4
2101,Miguel Wilson,Mathematics,Term 2,2024,4,4,4,2,4,4,3,4,5,4
2102,Miguel Wilson,Mathematics,Term 2,2024,4,4,3,4,4,5,5,2,3,3
2103,Miguel Wilson,Mathematics,Term 2,2024,4,4,5,4,4,4,4,5,4,3
2104,Miguel Wilson,Mathematics,Term 2,2024,4,5,4,4,5,3,4,4,4,4
2105,Miguel Wilson,Mathematics,Term 2,2024,4,4,4,4,3,4,3,4,5,4
2106,Miguel Wilson,Mathematics,Term 2,2024,4,4,4,5,5,4,3,4,4,4
2107,Miguel Wilson,Mathematics,Term 2,2024,5,5,4,3,3,3,5,2,4,3
2108,Miguel Wilson,Mathematics,Term 2,2024,4,3,2,4,3,4,5,3,4,3
2109,Miguel Wilson,Mathematics,Term 2,2024,3,5,4,4,3,3,3,4,5,4
2110,Miguel Wilson,Mathematics,Term 2,2024,3,3,4,4,3,4,5,3,3,4
2111,Miguel Wilson,Mathematics,Term 2,2024,3,4,3,4,4,3,3,4,5,3
2112,Miguel Wilson,Mathematics,Term 2,2024,5,4,3,4,4,5,4,5,5,3
2113,Miguel Wilson,Mathematics,Term 3,2024,3,2,5,3,5,5,5,4,4,4
2114,Miguel Wilson,Mathematics,Term 3,2024,3,3,3,4,3,3,5,3,3,5
2115,Miguel Wilson,Mathematics,Term 3,2024,5,5,3,3,5,4,4,5,3,3
2116,Miguel Wilson,Mathematics,Term 3,2024,4,4,3,3,3,4,4,4,4,3
2117,Miguel Wilson,Mathematics,Term 3,2024,4,4,5,4,2,3,4,2,4,3
2118,Miguel Wilson,Mathematics,Term 3,2024,4,3,5,4,4,4,3,4,3,4
2119,Miguel Wilson,Mathematics,Term 3,2024,3,4,4,4,3,4,4,3,3,4
2120,Miguel Wilson,Mathematics,Term 3,2024,3,4,4,3,5,3,3,4,4,4
2121,Miguel Wilson,Mathematics,Term 3,2024,4,3,3,5,3,2,3,4,2,3
2122,Miguel Wilson,Mathematics,Term 3,2024,5,3,4,4,4,4,3,5,3,3
2123,Miguel Wilson,Mathematics,Term 3,2024,4,4,3,5,4,4,3,3,2,5
2124,Miguel Wilson,Mathematics,Term 3,2024,3,3,4,1,4,5,3,3,5,3
2125,Miguel Wilson,Mathematics,Term 3,2024,5,5,4,3,4,4,4,4,3,3
2126,Miguel Wilson,Mathematics,Term 3,2024,4,5,3,4,4,4,4,3,4,4
2127,Miguel Wilson,Mathematics,Term 3,2024,4,4,2,4,4,5,4,4,5,3
2128,Miguel Wilson,Mathematics,Term 3,2024,3,4,5,4,3,5,4,4,4,3
2129,Miguel Wilson,Mathematics,Term 3,2024,4,2,3,4,4,4,5,4,3,4
2130,Miguel Wilson,Mathematics,Term 3,2024,4,4,4,5,3,5,3,3,3,5
2131,Miguel Wilson,Mathematics,Term 3,2024,3,4,3,3,4,4,4,3,3,4
2132,Miguel Wilson,Mathematics,Term 3,2024,5,4,3,3,3,4,5,2,4,3
2133,Miguel Wilson,Mathematics,Term 3,2024,4,4,5,4,5,3,4,2,4,4
2134,Miguel Wilson,Mathematics,Term 3,2024,4,4,5,4,4,5,5,4,4,4
2135,Miguel Wilson,Mathematics,Term 3,2024,5,4,4,3,3,4,3,4,4,3
2136,Miguel Wilson,Mathematics,Term 3,2024,3,5,4,3,5,4,3,4,5,3
2137,Miguel Wilson,Mathematics,Term 3,2024,4,4,4,5,3,3,4,4,4,4
2138,Miguel Wilson,Mathematics,Term 3,2024,3,4,3,5,2,4,4,4,4,4
2139,Miguel Wilson,Mathematics,Term 3,2024,5,4,5,4,3,2,4,4,3,4
2140,Miguel Wilson,Mathematics,Term 3,2024,3,5,4,2,3,2,4,4,5,3
2141,Miguel Wilson,Mathematics,Term 3,2024,3,3,3,3,3,4,5,5,4,4
2142,Miguel Wilson,Mathematics,Term 3,2024,4,4,3,4,4,3,4,4,4,3
2143,Miguel Wilson,Mathematics,Term 1,2025,5,3,5,3,4,3,3,3,3,3
2144,Miguel Wilson,Mathematics,Term 1,2025,5,5,4,5,5,5,5,5,5,5
2145,Miguel Wilson,Mathematics,Term 1,2025,3,5,4,4,2,3,5,5,4,3
2146,Miguel Wilson,Mathematics,Term 1,2025,4,4,4,4,3,3,2,4,4,3
2147,Miguel Wilson,Mathematics,Term 1,2025,3,5,3,5,4,4,5,2,4,3
2148,Miguel Wilson,Mathematics,Term 1,2025,4,4,3,5,4,4,5,3,4,5
2149,Miguel Wilson,Mathematics,Term 1,2025,5,4,3,4,5,5,4,5,5,4
2150,Miguel Wilson,Mathematics,Term 1,2025,4,3,3,4,3,4,4,3,5,4
2151,Miguel Wilson,Mathematics,Term 1,2025,3,4,4,3,3,4,5,4,4,4
2152,Miguel Wilson,Mathematics,Term 1,2025,4,5,4,3,3,3,5,4,4,3
2153,Miguel Wilson,Mathematics,Term 1,2025,5,4,4,4,3,4,4,4,5,2
2154,Miguel Wilson,Mathematics,Term 1,2025,4,5,5,3,4,4,4,3,3,2
2155,Miguel Wilson,Mathematics,Term 1,2025,3,3,2,4,4,4,4,5,4,4
2156,Miguel Wilson,Mathematics,Term 1,2025,4,5,4,4,3,5,3,4,5,4
2157,Miguel Wilson,Mathematics,Term 1,2025,4,4,3,2,3,5,3,4,4,4
2158,Miguel Wilson,Mathematics,Term 1,2025,4,3,5,4,5,3,4,4,3,4
2159,Miguel Wilson,Mathematics,Term 1,2025,3,3,4,3,4,3,4,2,4,4
2160,Miguel Wilson,Mathematics,Term 1,2025,5,3,2,3,4,5,3,5,4,4
2161,Miguel Wilson,Mathematics,Term 1,2025,4,3,5,3,3,4,4,5,4,4
2162,Miguel Wilson,Mathematics,Term 1,2025,5,4,4,4,5,5,3,3,3,4
2163,Miguel Wilson,Mathematics,Term 1,2025,5,2,5,5,3,4,3,5,4,4
2164,Miguel Wilson,Mathematics,Term 1,2025,4,4,4,3,4,4,3,4,4,4
2165,Miguel Wilson,Mathematics,Term 1,2025,5,4,4,3,3,4,4,5,4,2
2166,Miguel Wilson,Mathematics,Term 1,2025,4,4,2,4,5,3,3,4,5,5
2167,Miguel Wilson,Mathematics,Term 1,2025,3,4,4,3,5,5,4,3,3,5
2168,Miguel Wilson,Mathematics,Term 1,2025,5,3,4,2,4,3,3,3,3,5
2169,Miguel Wilson,Mathematics,Term 1,2025,4,5,3,4,4,4,3,4,5,4
2170,Miguel Wilson,Mathematics,Term 1,2025,4,5,4,3,4,5,5,3,4,4
2171,Miguel Wilson,Mathematics,Term 1,2025,4,3,4,3,2,5,5,4,4,3
2172,Miguel Wilson,Mathematics,Term 1,2025,4,4,3,3,2,2,2,3,4,4
2173,Miguel Wilson,Mathematics,Term 1,2025,5,3,5,4,4,4,4,4,4,5
2174,Miguel Wilson,Mathematics,Term 1,2025,5,4,5,4,4,3,5,4,5,3
2175,Miguel Wilson,Mathematics,Term 1,2025,2,5,3,4,5,3,4,5,4,5
2176,Miguel Wilson,Mathematics,Term 1,2025,4,5,4,3,4,2,3,4,4,5
2177,Miguel Wilson,Mathematics,Term 2,2025,4,3,4,3,3,3,3,4,3,4
2178,Miguel Wilson,Mathematics,Term 2,2025,3,4,4,3,3,4,3,3,3,3
2179,Miguel Wilson,Mathematics,Term 2,2025,5,2,5,3,4,5,4,3,5,4
2180,Miguel Wilson,Mathematics,Term 2,2025,4,5,3,2,5,3,5,4,4,3
2181,Miguel Wilson,Mathematics,Term 2,2025,4,3,4,4,5,3,3,3,4,5
2182,Miguel Wilson,Mathematics,Term 2,2025,3,4,4,3,3,4,5,4,5,3
2183,Miguel Wilson,Mathematics,Term 2,2025,4,2,4,3,4,1,5,3,3,3
2184,Miguel Wilson,Mathematics,Term 2,2025,4,4,5,4,3,3,4,4,3,3
2185,Miguel Wilson,Mathematics,Term 2,2025,4,5,4,4,4,3,5,4,3,3
2186,Miguel Wilson,Mathematics,Term 2,2025,4,5,4,4,4,3,5,5,3,5
2187,Miguel Wilson,Mathematics,Term 2,2025,5,4,3,4,4,3,5,5,4,4
2188,Miguel Wilson,Mathematics,Term 2,2025,5,3,4,3,5,3,4,4,3,5
2189,Miguel Wilson,Mathematics,Term 2,2025,4,4,3,4,3,3,3,4,5,4
2190,Miguel Wilson,Mathematics,Term 2,2025,4,4,4,2,4,4,4,4,4,5
2191,Miguel Wilson,Mathematics,Term 2,2025,3,4,4,5,4,3,3,3,4,4
2192,Miguel Wilson,Mathematics,Term 2,2025,3,3,4,5,3,3,4,4,4,4
2193,Miguel Wilson,Mathematics,Term 2,2025,3,4,4,3,3,2,4,3,4,4
2194,Miguel Wilson,Mathematics,Term 2,2025,4,3,4,5,5,4,5,4,4,4
2195,Miguel Wilson,Mathematics,Term 2,2025,3,3,3,3,4,4,2,4,5,5
2196,Miguel Wilson,Mathematics,Term 2,2025,5,3,4,4,5,3,4,5,2,4
2197,Miguel Wilson,Mathematics,Term 2,2025,3,4,4,5,3,4,4,4,4,3
2198,Miguel Wilson,Mathematics,Term 2,2025,4,2,4,3,4,3,4,5,3,5
2199,Miguel Wilson,Mathematics,Term 2,2025,3,4,3,2,4,5,4,4,3,4
2200,Miguel Wilson,Mathematics,Term 2,2025,1,5,3,3,3,5,4,4,5,4
2201,Miguel Wilson,Mathematics,Term 2,2025,4,5,5,3,3,3,4,4,3,3
2202,Miguel Wilson,Mathematics,Term 2,2025,5,3,3,4,3,3,4,4,5,5
2203,Miguel Wilson,Mathematics,Term 2,2025,3,4,4,4,3,5,3,3,4,3
2204,Miguel Wilson,Mathematics,Term 2,2025,5,4,4,3,5,3,5,5,4,4
2205,Miguel Wilson,Mathematics,Term 2,2025,4,4,4,5,3,3,3,5,4,5
2206,Miguel Wilson,Mathematics,Term 3,2025,4,3,5,5,3,3,3,4,4,4
2207,Miguel Wilson,Mathematics,Term 3,2025,4,5,5,4,4,3,5,4,3,3
2208,Miguel Wilson,Mathematics,Term 3,2025,4,5,2,4,4,3,4,5,4,2
2209,Miguel Wilson,Mathematics,Term 3,2025,4,4,3,2,5,3,4,2,5,3
2210,Miguel Wilson,Mathematics,Term 3,2025,5,3,4,5,3,4,4,2,3,3
2211,Miguel Wilson,Mathematics,Term 3,2025,2,4,4,3,3,3,4,4,4,3
2212,Miguel Wilson,Mathematics,Term 3,2025,4,5,5,3,4,5,4,5,4,3
2213,Miguel Wilson,Mathematics,Term 3,2025,2,4,4,4,4,4,4,4,4,3
2214,Miguel Wilson,Mathematics,Term 3,2025,3,4,4,4,4,4,3,4,5,4
2215,Miguel Wilson,Mathematics,Term 3,2025,4,4,5,5,5,4,4,5,5,4
2216,Miguel Wilson,Mathematics,Term 3,2025,4,5,4,5,4,3,3,5,5,4
2217,Miguel Wilson,Mathematics,Term 3,2025,3,4,3,5,3,3,4,4,4,5
2218,Miguel Wilson,Mathematics,Term 3,2025,4,4,5,4,3,3,3,1,5,4
2219,Miguel Wilson,Mathematics,Term 3,2025,4,4,2,4,4,5,5,4,4,3
2220,Miguel Wilson,Mathematics,Term 3,2025,3,3,4,4,4,4,4,4,5,5
2221,Miguel Wilson,Mathematics,Term 3,2025,3,3,5,3,4,4,4,4,4,4
2222,Miguel Wilson,Mathematics,Term 3,2025,3,5,4,4,4,4,3,3,4,3
2223,Miguel Wilson,Mathematics,Term 3,2025,4,5,5,3,4,3,5,4,5,4
2224,Miguel Wilson,Mathematics,Term 3,2025,4,4,4,4,3,4,4,3,3,3
2225,Dominic Marshall,History,Term 1,2023,3,4,3,2,3,4,5,4,3,4
2226,Dominic Marshall,History,Term 1,2023,4,4,2,4,3,3,4,4,3,5
2227,Dominic Marshall,History,Term 1,2023,4,3,2,4,4,3,5,3,4,4
2228,Dominic Marshall,History,Term 1,2023,5,4,4,2,4,5,3,4,1,5
2229,Dominic Marshall,History,Term 1,2023,3,3,4,4,4,3,5,4,4,5
2230,Dominic Marshall,History,Term 1,2023,4,3,4,5,3,3,3,4,4,3
2231,Dominic Marshall,History,Term 1,2023,2,3,4,5,4,5,3,4,3,5
2232,Dominic Marshall,History,Term 1,2023,4,2,3,2,5,3,4,3,3,3
2233,Dominic Marshall,History,Term 1,2023,3,4,3,4,2,2,4,3,2,4
2234,Dominic Marshall,History,Term 1,2023,3,4,1,2,4,4,4,4,4,3
2235,Dominic Marshall,History,Term 1,2023,2,5,3,4,3,3,3,4,4,2
2236,Dominic Marshall,History,Term 1,2023,4,5,4,4,3,3,4,3,3,2
2237,Dominic Marshall,History,Term 1,2023,3,4,2,4,5,4,3,4,2,3
2238,Dominic Marshall,History,Term 1,2023,2,2,4,3,4,4,2,3,3,3
2239,Dominic Marshall,History,Term 1,2023,3,3,4,4,3,4,5,3,2,3
2240,Dominic Marshall,History,Term 1,2023,4,4,4,5,5,4,3,5,3,4
2241,Dominic Marshall,History,Term 1,2023,3,4,4,3,2,5,5,5,2,4
2242,Dominic Marshall,History,Term 1,2023,3,3,3,5,4,4,4,4,4,2
2243,Dominic Marshall,History,Term 1,2023,3,2,4,2,3,4,3,4,3,3
2244,Dominic Marshall,History,Term 1,2023,4,2,3,4,3,3,4,3,4,4
2245,Dominic Marshall,History,Term 1,2023,4,4,3,4,5,3,5,3,4,4
2246,Dominic Marshall,History,Term 1,2023,4,1,4,3,4,4,4,3,2,2
2247,Dominic Marshall,History,Term 1,2023,3,3,4,5,4,3,3,4,5,4
2248,Dominic Marshall,History,Term 1,2023,4,4,4,4,2,4,3,3,4,4
2249,Dominic Marshall,History,Term 1,2023,3,3,3,3,4,4,4,3,5,4
2250,Dominic Marshall,History,Term 1,2023,5,3,5,3,4,4,2,3,4,3
2251,Dominic Marshall,History,Term 1,2023,4,4,4,4,3,4,4,4,3,3
2252,Dominic Marshall,History,Term 1,2023,4,4,2,5,3,2,4,3,3,4
2253,Dominic Marshall,History,Term 1,2023,5,4,2,3,3,4,2,4,3,3
2254,Dominic Marshall,History,Term 1,2023,4,4,4,4,3,3,4,4,4,5
2255,Dominic Marshall,History,Term 1,2023,3,3,3,3,4,3,4,4,4,4
2256,Dominic Marshall,History,Term 1,2023,4,5,4,5,2,4,3,4,4,4
2257,Dominic Marshall,History,Term 1,2023,4,4,3,4,3,3,4,4,3,3
2258,Dominic Marshall,History,Term 1,2023,4,3,3,4,4,4,4,2,2,4
2259,Dominic Marshall,History,Term 1,2023,4,4,3,5,4,4,4,3,4,3
2260,Dominic Marshall,History,Term 1,2023,5,4,4,4,3,3,4,2,3,4
2261,Dominic Marshall,History,Term 1,2023,3,4,4,3,4,3,3,3,4,2
2262,Dominic Marshall,History,Term 1,2023,3,3,4,3,3,3,5,5,4,2
2263,Dominic Marshall,History,Term 1,2023,4,3,4,2,3,4,4,2,3,4
2264,Dominic Marshall,History,Term 2,2023,3,3,3,5,4,4,3,4,4,3
2265,Dominic Marshall,History,Term 2,2023,3,3,4,4,3,3,4,3,4,4
2266,Dominic Marshall,History,Term 2,2023,4,3,5,3,4,3,5,3,5,5
2267,Dominic Marshall,History,Term 2,2023,4,4,4,3,3,4,5,4,2,4
2268,Dominic Marshall,History,Term 2,2023,3,4,3,4,4,3,3,5,4,3
2269,Dominic Marshall,History,Term 2,2023,4,3,4,3,4,4,2,2,2,3
2270,Dominic Marshall,History,Term 2,2023,3,2,2,4,3,3,4,4,2,4
2271,Dominic Marshall,History,Term 2,2023,4,4,4,4,4,4,4,3,3,3
2272,Dominic Marshall,History,Term 2,2023,3,3,2,4,4,4,3,4,3,4
2273,Dominic Marshall,History,Term 2,2023,4,4,3,3,4,1,4,4,4,4
2274,Dominic Marshall,History,Term 2,2023,2,3,4,4,5,3,4,2,3,5
2275,Dominic Marshall,History,Term 2,2023,3,4,4,5,4,3,3,4,4,3
2276,Dominic Marshall,History,Term 2,2023,3,4,4,5,4,4,4,2,5,4
2277,Dominic Marshall,History,Term 2,2023,4,4,4,5,2,3,4,5,4,3
2278,Dominic Marshall,History,Term 2,2023,3,4,3,5,4,3,5,3,4,3
2279,Dominic Marshall,History,Term 2,2023,3,4,4,4,3,5,4,2,4,4
2280,Dominic Marshall,History,Term 2,2023,4,4,5,2,4,3,4,3,4,2
2281,Dominic Marshall,History,Term 2,2023,4,3,3,5,4,3,2,3,3,3
2282,Dominic Marshall,History,Term 2,2023,3,3,3,5,3,4,5,2,3,3
2283,Dominic Marshall,History,Term 2,2023,4,2,3,4,2,4,3,3,3,3
2284,Dominic Marshall,History,Term 2,2023,3,5,5,5,2,4,3,3,5,3
2285,Dominic Marshall,History,Term 2,2023,4,4,4,3,3,4,5,4,3,3
2286,Dominic Marshall,History,Term 2,2023,5,3,2,3,5,3,3,4,4,4
2287,Dominic Marshall,History,Term 2,2023,5,3,4,4,3,4,4,4,3,5
2288,Dominic Marshall,History,Term 2,2023,3,3,5,3,4,3,3,2,3,3
2289,Dominic Marshall,History,Term 2,2023,3,4,4,4,3,4,4,5,3,3
2290,Dominic Marshall,History,Term 2,2023,4,4,4,5,3,4,4,5,2,3
2291,Dominic Marshall,History,Term 2,2023,4,4,4,3,4,5,5,4,4,4
2292,Dominic Marshall,History,Term 3,2023,3,3,3,4,3,4,4,3,5,4
2293,Dominic Marshall,History,Term 3,2023,4,4,3,3,4,3,3,3,1,3
2294,Dominic Marshall,History,Term 3,2023,4,4,4,4,3,2,4,3,3,3
2295,Dominic Marshall,History,Term 3,2023,4,3,4,4,4,3,3,5,5,5
2296,Dominic Marshall,History,Term 3,2023,4,4,3,2,4,3,2,4,5,4
2297,Dominic Marshall,History,Term 3,2023,3,4,3,3,4,2,4,3,3,3
2298,Dominic Marshall,History,Term 3,2023,5,3,3,4,5,3,4,3,5,4
2299,Dominic Marshall,History,Term 3,2023,3,3,4,3,2,3,5,4,4,3
2300,Dominic Marshall,History,Term 3,2023,3,3,4,3,4,4,2,2,3,3
2301,Dominic Marshall,History,Term 3,2023,3,3,3,3,4,3,4,4,4,2
2302,Dominic Marshall,History,Term 3,2023,3,4,5,2,4,3,2,4,2,2
2303,Dominic Marshall,History,Term 3,2023,5,2,3,3,3,4,4,3,5,2
2304,Dominic Marshall,History,Term 3,2023,3,3,4,4,4,3,4,2,4,4
2305,Dominic Marshall,History,Term 3,2023,4,3,3,4,4,4,4,3,4,3
2306,Dominic Marshall,History,Term 3,2023,2,5,5,4,3,3,5,3,3,2
2307,Dominic Marshall,History,Term 3,2023,4,5,4,3,2,4,4,3,3,4
2308,Dominic Marshall,History,Term 3,2023,4,4,5,4,4,3,3,4,4,3
2309,Dominic Marshall,History,Term 3,2023,4,3,2,4,2,1,3,4,3,4
2310,Dominic Marshall,History,Term 3,2023,3,3,2,2,4,3,2,3,2,3
2311,Dominic Marshall,History,Term 3,2023,1,5,4,3,4,3,5,2,4,4
2312,Dominic Marshall,History,Term 3,2023,3,4,3,3,4,3,4,3,4,4
2313,Dominic Marshall,History,Term 3,2023,3,4,3,3,5,5,3,3,3,4
2314,Dominic Marshall,History,Term 3,2023,2,4,5,4,4,4,3,2,4,4
2315,Dominic Marshall,History,Term 3,2023,5,4,3,4,3,4,4,4,3,3
2316,Dominic Marshall,History,Term 3,2023,2,3,3,3,3,4,3,3,4,3
2317,Dominic Marshall,History,Term 3,2023,4,4,4,4,4,1,3,2,4,3
2318,Dominic Marshall,History,Term 3,2023,4,2,2,3,4,3,4,3,4,4
2319,Dominic Marshall,History,Term 3,2023,2,4,3,4,5,5,3,4,3,2
2320,Dominic Marshall,History,Term 3,2023,3,4,3,4,3,5,2,3,4,4
2321,Dominic Marshall,History,Term 3,2023,3,3,4,3,4,3,3,3,3,3
2322,Dominic Marshall,History,Term 3,2023,4,4,4,4,4,4,4,4,2,2
2323,Dominic Marshall,History,Term 3,2023,4,4,2,4,3,4,3,5,4,4
2324,Dominic Marshall,History,Term 3,2023,3,4,4,3,3,5,4,2,4,3
2325,Dominic Marshall,History,Term 1,2024,3,3,4,5,4,3,4,3,3,4
2326,Dominic Marshall,History,Term 1,2024,5,4,3,3,4,4,3,4,3,4
2327,Dominic Marshall,History,Term 1,2024,5,3,4,4,4,3,2,5,4,3
2328,Dominic Marshall,History,Term 1,2024,2,3,4,3,4,4,4,5,5,3
2329,Dominic Marshall,History,Term 1,2024,3,3,3,4,3,3,5,4,4,2
2330,Dominic Marshall,History,Term 1,2024,4,3,3,3,3,4,4,4,2,4
2331,Dominic Marshall,History,Term 1,2024,2,3,3,4,3,3,4,2,4,4
2332,Dominic Marshall,History,Term 1,2024,3,4,3,3,3,3,3,4,4,3
2333,Dominic Marshall,History,Term 1,2024,2,3,4,4,3,3,4,5,4,3
2334,Dominic Marshall,History,Term 1,2024,3,3,5,3,2,2,3,1,4,5
2335,Dominic Marshall,History,Term 1,2024,4,4,4,3,3,4,5,3,4,3
2336,Dominic Marshall,History,Term 1,2024,3,3,2,3,4,5,4,3,4,4
2337,Dominic Marshall,History,Term 1,2024,3,3,2,3,4,5,3,4,4,3
2338,Dominic Marshall,History,Term 1,2024,3,4,3,2,5,3,4,4,3,4
2339,Dominic Marshall,History,Term 1,2024,4,4,4,4,4,4,3,2,3,3
2340,Dominic Marshall,History,Term 1,2024,4,5,3,4,4,3,4,4,4,5
2341,Dominic Marshall,History,Term 1,2024,3,4,2,2,3,3,5,4,4,3
2342,Dominic Marshall,History,Term 1,2024,3,1,3,4,3,5,4,4,5,3
2343,Dominic Marshall,History,Term 1,2024,3,4,2,4,5,4,4,2,3,2
2344,Dominic Marshall,History,Term 1,2024,3,4,3,5,2,5,4,4,4,2
2345,Dominic Marshall,History,Term 1,2024,3,3,3,3,5,3,3,3,3,2
2346,Dominic Marshall,History,Term 1,2024,3,4,4,2,4,4,4,4,5,4
2347,Dominic Marshall,History,Term 1,2024,3,3,3,4,4,2,4,3,3,4
2348,Dominic Marshall,History,Term 1,2024,5,4,4,4,3,4,3,2,2,3
2349,Dominic Marshall,History,Term 1,2024,4,4,3,4,3,3,2,3,4,3
2350,Dominic Marshall,History,Term 1,2024,2,4,3,2,3,4,4,3,3,4
2351,Dominic Marshall,History,Term 1,2024,3,2,3,3,5,4,4,5,4,5
2352,Dominic Marshall,History,Term 1,2024,3,4,3,4,3,5,3,4,4,4
2353,Dominic Marshall,History,Term 1,2024,4,4,4,2,4,2,5,4,4,4
2354,Dominic Marshall,History,Term 1,2024,5,5,2,2,4,4,3,4,3,4
2355,Dominic Marshall,History,Term 1,2024,3,3,4,3,3,3,4,5,3,4
2356,Dominic Marshall,History,Term 1,2024,4,4,4,5,4,4,3,3,3,3
2357,Dominic Marshall,History,Term 1,2024,4,4,3,3,3,3,5,4,3,5
2358,Dominic Marshall,History,Term 1,2024,4,3,3,3,5,3,3,4,2,4
2359,Dominic Marshall,History,Term 2,2024,4,3,4,5,4,4,4,3,3,4
2360,Dominic Marshall,History,Term 2,2024,4,3,4,3,4,4,4,4,4,3
2361,Dominic Marshall,History,Term 2,2024,5,3,4,3,3,4,5,4,2,4
2362,Dominic Marshall,History,Term 2,2024,3,3,4,3,4,4,3,4,5,3
2363,Dominic Marshall,History,Term 2,2024,4,4,4,5,4,3,3,3,4,4
2364,Dominic Marshall,History,Term 2,2024,4,4,4,5,4,4,4,4,4,5
2365,Dominic Marshall,History,Term 2,2024,3,3,3,3,3,2,3,4,3,2
2366,Dominic Marshall,History,Term 2,2024,3,3,4,5,5,3,4,4,4,4
2367,Dominic Marshall,History,Term 2,2024,4,3,3,4,4,3,3,4,4,4
2368,Dominic Marshall,History,Term 2,2024,5,4,3,3,4,2,5,4,2,3
2369,Dominic Marshall,History,Term 2,2024,3,4,3,2,5,2,5,3,4,3
2370,Dominic Marshall,History,Term 2,2024,3,4,3,3,4,3,5,3,4,3
2371,Dominic Marshall,History,Term 2,2024,3,4,4,4,3,5,4,4,4,3
2372,Dominic Marshall,History,Term 2,2024,4,3,4,3,2,3,4,3,3,3
2373,Dominic Marshall,History,Term 2,2024,2,2,3,2,3,4,3,4,3,2
2374,Dominic Marshall,History,Term 2,2024,4,3,3,3,3,4,3,3,4,4
2375,Dominic Marshall,History,Term 2,2024,3,2,2,4,3,4,2,3,3,2
2376,Dominic Marshall,History,Term 2,2024,2,3,3,3,3,4,4,3,4,4
2377,Dominic Marshall,History,Term 2,2024,3,4,5,3,4,4,4,4,3,2
2378,Dominic Marshall,History,Term 2,2024,2,4,5,3,5,3,3,3,4,4
2379,Dominic Marshall,History,Term 2,2024,3,5,4,3,5,4,5,2,4,3
2380,Dominic Marshall,History,Term 2,2024,3,4,4,3,5,3,4,4,2,4
2381,Dominic Marshall,History,Term 2,2024,3,4,5,4,3,2,3,5,1,4
2382,Dominic Marshall,History,Term 2,2024,4,4,4,4,3,4,4,5,4,4
2383,Dominic Marshall,History,Term 2,2024,4,4,4,2,3,4,4,3,4,5
2384,Dominic Marshall,History,Term 2,2024,4,4,3,3,3,4,4,4,2,3
2385,Dominic Marshall,History,Term 2,2024,2,4,4,3,2,3,5,3,4,4
2386,Dominic Marshall,History,Term 2,2024,2,2,2,4,5,5,3,4,3,3
2387,Dominic Marshall,History,Term 2,2024,3,3,4,3,4,3,4,3,3,5
2388,Dominic Marshall,History,Term 2,2024,2,5,4,5,5,3,3,5,2,4
2389,Dominic Marshall,History,Term 2,2024,3,4,2,4,4,4,4,4,3,3
2390,Dominic Marshall,History,Term 2,2024,3,5,4,3,4,3,3,5,4,4
2391,Dominic Marshall,History,Term 2,2024,5,4,4,2,5,2,4,4,3,3
2392,Dominic Marshall,History,Term 2,2024,4,4,3,3,3,2,3,3,4,4
2393,Dominic Marshall,History,Term 3,2024,4,3,4,3,4,4,4,2,5,4
2394,Dominic Marshall,History,Term 3,2024,4,3,3,3,3,5,3,3,3,4
2395,Dominic Marshall,History,Term 3,2024,4,3,5,3,2,3,4,5,3,3
2396,Dominic Marshall,History,Term 3,2024,3,3,3,2,3,4,4,4,3,2
2397,Dominic Marshall,History,Term 3,2024,4,4,5,3,4,4,2,4,3,4
2398,Dominic Marshall,History,Term 3,2024,4,3,4,5,4,3,4,3,3,4
2399,Dominic Marshall,History,Term 3,2024,3,4,3,4,4,5,4,4,3,4
2400,Dominic Marshall,History,Term 3,2024,4,4,3,4,4,4,2,3,5,3
2401,Dominic Marshall,History,Term 3,2024,3,3,3,3,3,4,3,4,4,3
2402,Dominic Marshall,History,Term 3,2024,2,5,4,3,5,4,3,5,4,5
2403,Dominic Marshall,History,Term 3,2024,5,3,3,4,4,4,4,3,3,3
2404,Dominic Marshall,History,Term 3,2024,5,5,3,4,4,4,3,4,3,4
2405,Dominic Marshall,History,Term 3,2024,4,5,3,4,5,4,2,2,4,3
2406,Dominic Marshall,History,Term 3,2024,3,5,4,4,4,3,4,3,4,3
2407,Dominic Marshall,History,Term 3,2024,3,3,3,3,4,2,1,1,3,4
2408,Dominic Marshall,History,Term 3,2024,4,4,4,3,3,5,5,4,4,3
2409,Dominic Marshall,History,Term 3,2024,2,5,2,4,5,5,3,3,4,3
2410,Dominic Marshall,History,Term 3,2024,3,4,5,4,4,5,2,4,2,3
2411,Dominic Marshall,History,Term 3,2024,3,5,3,3,3,4,2,5,3,3
2412,Dominic Marshall,History,Term 3,2024,4,3,4,4,2,4,2,3,2,4
2413,Dominic Marshall,History,Term 3,2024,3,4,4,3,3,3,3,4,4,3
2414,Dominic Marshall,History,Term 3,2024,3,3,3,3,4,3,2,3,3,5
2415,Dominic Marshall,History,Term 3,2024,5,2,3,2,3,3,4,3,4,4
2416,Dominic Marshall,History,Term 3,2024,3,3,5,4,3,4,2,3,4,4
2417,Dominic Marshall,History,Term 3,2024,4,2,3,3,4,4,4,3,4,5
2418,Dominic Marshall,History,Term 3,2024,5,4,2,3,5,4,3,4,3,4
2419,Dominic Marshall,History,Term 3,2024,4,3,4,3,3,4,4,4,3,3
2420,Dominic Marshall,History,Term 3,2024,5,3,3,5,5,4,4,3,3,3
2421,Dominic Marshall,History,Term 3,2024,4,4,1,3,3,2,4,3,5,3
2422,Dominic Marshall,History,Term 3,2024,4,4,4,4,3,3,3,4,4,5
2423,Dominic Marshall,History,Term 3,2024,4,4,4,3,5,3,2,2,3,2
2424,Dominic Marshall,History,Term 3,2024,3,4,4,4,4,4,4,4,4,5
2425,Dominic Marshall,History,Term 3,2024,3,5,3,3,4,3,2,3,3,3
2426,Dominic Marshall,History,Term 3,2024,2,3,3,3,3,4,4,4,4,4
2427,Dominic Marshall,History,Term 1,2025,4,4,3,3,4,4,3,5,4,3
2428,Dominic Marshall,History,Term 1,2025,3,2,5,4,4,4,2,2,4,4
2429,Dominic Marshall,History,Term 1,2025,4,5,4,3,3,4,4,5,3,3
2430,Dominic Marshall,History,Term 1,2025,4,4,4,4,4,2,5,4,2,4
2431,Dominic Marshall,History,Term 1,2025,3,3,4,3,4,3,3,4,2,4
2432,Dominic Marshall,History,Term 1,2025,5,4,4,4,2,4,4,3,5,1
2433,Dominic Marshall,History,Term 1,2025,5,4,4,2,3,2,3,3,4,3
2434,Dominic Marshall,History,Term 1,2025,3,4,3,3,3,3,3,4,3,3
2435,Dominic Marshall,History,Term 1,2025,3,2,3,3,4,2,4,3,3,4
2436,Dominic Marshall,History,Term 1,2025,3,2,3,3,2,4,4,4,4,4
2437,Dominic Marshall,History,Term 1,2025,3,3,3,4,3,3,4,3,3,1
2438,Dominic Marshall,History,Term 1,2025,3,4,4,3,4,4,3,4,4,3
2439,Dominic Marshall,History,Term 1,2025,3,4,3,5,4,4,3,5,3,4
2440,Dominic Marshall,History,Term 1,2025,4,4,3,4,3,3,5,4,4,3
2441,Dominic Marshall,History,Term 1,2025,3,4,4,5,4,3,4,3,3,5
2442,Dominic Marshall,History,Term 1,2025,3,3,3,3,3,4,2,3,3,4
2443,Dominic Marshall,History,Term 1,2025,5,3,4,4,3,5,3,4,4,3
2444,Dominic Marshall,History,Term 1,2025,3,2,4,4,3,4,4,4,3,3
2445,Dominic Marshall,History,Term 1,2025,4,3,3,4,4,3,5,4,3,4
2446,Dominic Marshall,History,Term 1,2025,3,4,4,5,3,4,4,3,3,3
2447,Dominic Marshall,History,Term 1,2025,3,4,3,3,4,3,2,4,4,4
2448,Dominic Marshall,History,Term 1,2025,3,3,3,4,5,4,4,4,4,5
2449,Dominic Marshall,History,Term 1,2025,4,3,3,5,4,3,3,4,4,3
2450,Dominic Marshall,History,Term 2,2025,4,5,3,3,5,3,3,4,3,4
2451,Dominic Marshall,History,Term 2,2025,4,3,3,4,3,4,5,4,2,3
2452,Dominic Marshall,History,Term 2,2025,3,4,4,5,3,4,3,4,4,5
2453,Dominic Marshall,History,Term 2,2025,4,4,3,2,3,3,3,2,3,2
2454,Dominic Marshall,History,Term 2,2025,3,4,5,3,4,4,4,3,4,4
2455,Dominic Marshall,History,Term 2,2025,4,3,3,3,2,3,4,4,4,3
2456,Dominic Marshall,History,Term 2,2025,3,3,4,3,4,3,4,3,3,4
2457,Dominic Marshall,History,Term 2,2025,4,3,2,4,4,3,4,3,4,4
2458,Dominic Marshall,History,Term 2,2025,4,2,4,3,3,4,4,4,5,3
2459,Dominic Marshall,History,Term 2,2025,5,2,4,2,4,2,4,3,2,5
2460,Dominic Marshall,History,Term 2,2025,4,4,5,3,5,3,4,2,5,3
2461,Dominic Marshall,History,Term 2,2025,3,5,4,3,3,4,5,3,4,3
2462,Dominic Marshall,History,Term 2,2025,4,3,3,2,3,5,3,3,4,4
2463,Dominic Marshall,History,Term 2,2025,4,5,3,4,4,3,4,3,4,3
2464,Dominic Marshall,History,Term 2,2025,2,3,4,4,3,4,1,3,3,4
2465,Dominic Marshall,History,Term 2,2025,4,5,3,1,4,3,4,4,3,3
2466,Dominic Marshall,History,Term 2,2025,4,4,4,4,4,4,3,4,3,2
2467,Dominic Marshall,History,Term 2,2025,4,3,4,4,4,3,5,2,4,5
2468,Dominic Marshall,History,Term 2,2025,5,3,5,3,3,4,3,3,3,4
2469,Dominic Marshall,History,Term 2,2025,3,3,3,2,3,5,4,4,4,3
2470,Dominic Marshall,History,Term 2,2025,4,4,3,4,4,3,5,4,3,4
2471,Dominic Marshall,History,Term 2,2025,3,5,3,4,3,5,4,4,4,4
2472,Dominic Marshall,History,Term 2,2025,2,4,4,3,4,3,5,4,4,4
2473,Dominic Marshall,History,Term 2,2025,3,3,3,3,3,4,3,4,3,3
2474,Dominic Marshall,History,Term 2,2025,4,4,3,3,4,4,5,4,3,4
2475,Dominic Marshall,History,Term 2,2025,4,2,2,4,3,4,4,3,3,3
2476,Dominic Marshall,History,Term 2,2025,2,3,2,4,4,3,4,4,2,3
2477,Dominic Marshall,History,Term 2,2025,3,4,3,4,4,3,4,4,3,4
2478,Dominic Marshall,History,Term 2,2025,3,4,4,4,4,5,3,4,3,4
2479,Dominic Marshall,History,Term 2,2025,4,3,4,4,5,4,1,3,4,2
2480,Dominic Marshall,History,Term 2,2025,3,4,4,4,2,4,4,5,3,4
2481,Dominic Marshall,History,Term 2,2025,3,3,4,2,3,4,3,4,4,3
2482,Dominic Marshall,History,Term 2,2025,2,4,4,4,2,3,4,5,4,2
2483,Dominic Marshall,History,Term 3,2025,3,3,4,4,3,2,3,4,3,3
2484,Dominic Marshall,History,Term 3,2025,3,5,2,5,4,3,3,3,4,3
2485,Dominic Marshall,History,Term 3,2025,5,3,4,4,3,4,4,4,4,3
2486,Dominic Marshall,History,Term 3,2025,3,3,3,3,3,4,3,4,2,3
2487,Dominic Marshall,History,Term 3,2025,4,5,4,3,5,4,3,3,4,4
2488,Dominic Marshall,History,Term 3,2025,3,3,3,3,5,4,3,5,4,3
2489,Dominic Marshall,History,Term 3,2025,3,3,2,4,3,4,3,3,4,4
2490,Dominic Marshall,History,Term 3,2025,3,3,4,3,5,4,4,4,3,3
2491,Dominic Marshall,History,Term 3,2025,4,4,4,4,3,3,4,3,4,3
2492,Dominic Marshall,History,Term 3,2025,3,5,4,5,4,2,3,5,3,4
2493,Dominic Marshall,History,Term 3,2025,4,5,3,4,4,3,4,4,4,4
2494,Dominic Marshall,History,Term 3,2025,5,3,5,5,5,3,5,4,3,4
2495,Dominic Marshall,History,Term 3,2025,4,3,3,4,5,3,4,4,4,4
2496,Dominic Marshall,History,Term 3,2025,4,4,4,5,3,3,2,3,3,4
2497,Dominic Marshall,History,Term 3,2025,3,2,2,3,3,5,4,4,3,3
2498,Dominic Marshall,History,Term 3,2025,4,5,5,4,3,4,4,4,4,4
2499,Dominic Marshall,History,Term 3,2025,4,3,2,4,4,2,3,2,3,2
2500,Dominic Marshall,History,Term 3,2025,1,3,3,3,3,3,5,3,5,5
2501,Dominic Marshall,History,Term 3,2025,3,3,4,5,1,3,4,5,2,4
2502,Dominic Marshall,History,Term 3,2025,4,3,4,4,5,5,4,4,3,4
2503,Dominic Marshall,History,Term 3,2025,4,3,4,4,4,4,3,2,4,2
2504,Dominic Marshall,History,Term 3,2025,5,3,3,4,4,5,4,4,3,5
2505,Dominic Marshall,History,Term 3,2025,3,3,4,3,5,5,4,5,5,4
2506,Dominic Marshall,History,Term 3,2025,3,3,3,4,3,2,4,2,4,4
2507,Dominic Marshall,History,Term 3,2025,3,3,4,3,4,3,4,4,5,3
2508,Dominic Marshall,History,Term 3,2025,4,3,3,4,4,4,4,4,4,3
2509,Dominic Marshall,History,Term 3,2025,3,4,3,3,4,4,4,2,5,4
2510,Dominic Marshall,History,Term 3,2025,2,2,4,4,3,4,4,4,3,5
2511,Dominic Marshall,History,Term 3,2025,5,4,3,4,3,4,4,4,3,5
2512,Dominic Marshall,History,Term 3,2025,4,3,4,4,4,3,3,4,3,3
2513,Dominic Marshall,History,Term 3,2025,3,4,3,3,3,2,3,4,3,2
2514,Dominic Marshall,History,Term 3,2025,4,3,3,3,3,4,2,2,4,4
2515,Dominic Marshall,History,Term 3,2025,3,3,3,2,3,3,4,3,5,3
2516,Dominic Marshall,History,Term 3,2025,4,4,5,4,4,5,3,3,4,3
2517,Dominic Marshall,History,Term 3,2025,3,4,2,4,3,3,4,2,3,3
2518,Dominic Marshall,History,Term 3,2025,2,4,3,5,3,3,4,3,1,4
2519,Dominic Marshall,History,Term 3,2025,5,2,4,4,4,5,3,3,3,4
2520,Joseph Harrison,Mathematics,Term 1,2023,3,4,5,3,3,5,5,3,3,5
2521,Joseph Harrison,Mathematics,Term 1,2023,3,5,3,4,3,2,3,4,4,5
2522,Joseph Harrison,Mathematics,Term 1,2023,3,4,4,3,4,5,4,4,3,3
2523,Joseph Harrison,Mathematics,Term 1,2023,4,4,3,4,3,3,4,4,5,3
2524,Joseph Harrison,Mathematics,Term 1,2023,3,5,3,3,5,5,4,3,3,4
2525,Joseph Harrison,Mathematics,Term 1,2023,4,5,3,4,4,4,4,3,4,4
2526,Joseph Harrison,Mathematics,Term 1,2023,4,3,5,4,3,3,3,3,1,5
2527,Joseph Harrison,Mathematics,Term 1,2023,4,5,3,4,4,4,3,4,4,4
2528,Joseph Harrison,Mathematics,Term 1,2023,3,3,4,4,4,3,3,3,3,3
2529,Joseph Harrison,Mathematics,Term 1,2023,5,5,4,3,4,3,4,4,3,2
2530,Joseph Harrison,Mathematics,Term 1,2023,2,4,4,4,4,5,4,4,3,4
2531,Joseph Harrison,Mathematics,Term 1,2023,4,3,4,4,5,4,4,4,5,4
2532,Joseph Harrison,Mathematics,Term 1,2023,3,4,3,3,4,2,3,3,4,4
2533,Joseph Harrison,Mathematics,Term 1,2023,5,4,3,2,3,4,3,4,4,3
2534,Joseph Harrison,Mathematics,Term 1,2023,3,3,3,1,4,4,4,4,4,5
2535,Joseph Harrison,Mathematics,Term 1,2023,4,4,3,4,5,4,3,4,2,3
2536,Joseph Harrison,Mathematics,Term 1,2023,4,4,4,3,4,5,2,3,3,4
2537,Joseph Harrison,Mathematics,Term 1,2023,3,3,4,3,4,4,4,3,5,4
2538,Joseph Harrison,Mathematics,Term 1,2023,4,2,3,4,4,5,3,2,2,3
2539,Joseph Harrison,Mathematics,Term 1,2023,4,4,4,4,5,5,5,4,3,5
2540,Joseph Harrison,Mathematics,Term 1,2023,5,4,3,4,4,4,2,3,4,5
2541,Joseph Harrison,Mathematics,Term 1,2023,4,3,2,5,4,3,2,3,5,3
2542,Joseph Harrison,Mathematics,Term 1,2023,4,3,4,4,3,4,4,4,4,4
2543,Joseph Harrison,Mathematics,Term 1,2023,3,2,4,5,3,4,3,5,2,4
2544,Joseph Harrison,Mathematics,Term 1,2023,3,3,3,4,3,3,2,3,4,5
2545,Joseph Harrison,Mathematics,Term 1,2023,3,4,3,3,3,3,3,3,4,3
2546,Joseph Harrison,Mathematics,Term 1,2023,4,3,4,4,4,2,3,3,4,3
2547,Joseph Harrison,Mathematics,Term 1,2023,3,4,4,3,2,4,4,3,3,4
2548,Joseph Harrison,Mathematics,Term 1,2023,3,5,4,4,4,4,3,3,4,3
2549,Joseph Harrison,Mathematics,Term 1,2023,4,4,4,4,3,4,3,4,3,4
2550,Joseph Harrison,Mathematics,Term 1,2023,5,4,5,5,5,3,3,4,4,4
2551,Joseph Harrison,Mathematics,Term 2,2023,3,4,3,4,4,3,3,3,3,4
2552,Joseph Harrison,Mathematics,Term 2,2023,3,2,5,2,3,3,3,3,4,4
2553,Joseph Harrison,Mathematics,Term 2,2023,3,3,3,3,2,3,3,5,4,4
2554,Joseph Harrison,Mathematics,Term 2,2023,3,5,4,4,4,4,4,4,4,4
2555,Joseph Harrison,Mathematics,Term 2,2023,2,4,2,3,4,4,3,2,3,2
2556,Joseph Harrison,Mathematics,Term 2,2023,2,3,3,4,3,4,3,5,2,5
2557,Joseph Harrison,Mathematics,Term 2,2023,3,4,3,3,4,3,3,4,2,3
2558,Joseph Harrison,Mathematics,Term 2,2023,3,5,3,4,4,3,3,4,3,4
2559,Joseph Harrison,Mathematics,Term 2,2023,4,4,4,4,3,2,2,4,3,3
2560,Joseph Harrison,Mathematics,Term 2,2023,4,3,3,3,3,3,5,3,4,4
2561,Joseph Harrison,Mathematics,Term 2,2023,5,5,3,4,4,5,4,5,4,3
2562,Joseph Harrison,Mathematics,Term 2,2023,3,3,3,3,4,4,2,2,4,4
2563,Joseph Harrison,Mathematics,Term 2,2023,3,3,4,3,4,5,4,3,3,3
2564,Joseph Harrison,Mathematics,Term 2,2023,4,4,3,4,4,3,3,4,3,4
2565,Joseph Harrison,Mathematics,Term 2,2023,4,3,5,3,3,3,3,5,3,4
2566,Joseph Harrison,Mathematics,Term 2,2023,4,2,4,4,5,4,4,2,4,5
2567,Joseph Harrison,Mathematics,Term 2,2023,4,3,3,4,5,5,3,3,5,3
2568,Joseph Harrison,Mathematics,Term 2,2023,4,4,5,3,4,5,5,4,3,4
2569,Joseph Harrison,Mathematics,Term 3,2023,3,4,4,4,4,4,4,4,2,4
2570,Joseph Harrison,Mathematics,Term 3,2023,4,4,4,4,3,3,5,4,4,4
2571,Joseph Harrison,Mathematics,Term 3,2023,5,4,4,3,4,4,4,4,3,3
2572,Joseph Harrison,Mathematics,Term 3,2023,5,4,3,4,4,3,3,4,2,5
2573,Joseph Harrison,Mathematics,Term 3,2023,5,4,4,4,3,4,3,2,4,3
2574,Joseph Harrison,Mathematics,Term 3,2023,5,3,3,3,3,3,3,4,3,5
2575,Joseph Harrison,Mathematics,Term 3,2023,3,5,3,2,4,3,3,2,3,5
2576,Joseph Harrison,Mathematics,Term 3,2023,4,3,3,5,3,3,3,4,3,2
2577,Joseph Harrison,Mathematics,Term 3,2023,3,4,3,3,4,4,3,3,2,4
2578,Joseph Harrison,Mathematics,Term 3,2023,3,5,4,5,3,4,4,3,3,2
2579,Joseph Harrison,Mathematics,Term 3,2023,5,2,4,4,5,5,4,4,5,3
2580,Joseph Harrison,Mathematics,Term 3,2023,3,4,3,3,4,4,3,4,4,3
2581,Joseph Harrison,Mathematics,Term 3,2023,4,4,4,4,2,4,4,3,3,3
2582,Joseph Harrison,Mathematics,Term 3,2023,3,2,4,4,4,3,5,2,4,4
2583,Joseph Harrison,Mathematics,Term 3,2023,3,3,3,4,3,4,3,3,3,4
2584,Joseph Harrison,Mathematics,Term 3,2023,4,3,4,4,4,3,4,3,2,4
2585,Joseph Harrison,Mathematics,Term 3,2023,4,4,3,3,3,3,4,3,4,4
2586,Joseph Harrison,Mathematics,Term 3,2023,3,4,5,4,3,4,3,3,3,3
2587,Joseph Harrison,Mathematics,Term 3,2023,3,3,4,4,2,3,2,3,4,4
2588,Joseph Harrison,Mathematics,Term 3,2023,5,3,2,3,3,5,4,3,4,3
2589,Joseph Harrison,Mathematics,Term 3,2023,3,4,3,3,5,4,4,3,3,5
2590,Joseph Harrison,Mathematics,Term 3,2023,3,4,4,3,3,3,4,3,3,4
2591,Joseph Harrison,Mathematics,Term 3,2023,3,3,4,4,4,4,3,4,3,4
2592,Joseph Harrison,Mathematics,Term 3,2023,4,3,3,4,3,3,2,3,4,4
2593,Joseph Harrison,Mathematics,Term 3,2023,4,3,4,4,4,5,1,2,3,4
2594,Joseph Harrison,Mathematics,Term 3,2023,5,4,4,4,4,3,4,3,3,3
2595,Joseph Harrison,Mathematics,Term 3,2023,3,3,4,5,4,4,2,3,4,5
2596,Joseph Harrison,Mathematics,Term 3,2023,3,4,3,3,3,2,4,4,4,2
2597,Joseph Harrison,Mathematics,Term 3,2023,3,3,3,1,4,5,2,3,4,3
2598,Joseph Harrison,Mathematics,Term 3,2023,4,3,4,3,4,4,4,5,4,4
2599,Joseph Harrison,Mathematics,Term 3,2023,3,3,5,5,3,5,3,4,4,3
2600,Joseph Harrison,Mathematics,Term 3,2023,4,3,5,4,3,3,4,2,4,3
2601,Joseph Harrison,Mathematics,Term 3,2023,3,3,4,3,3,5,3,2,3,3
2602,Joseph Harrison,Mathematics,Term 3,2023,5,3,3,4,3,5,3,2,3,2
2603,Joseph Harrison,Mathematics,Term 3,2023,1,4,4,5,4,4,3,4,2,3
2604,Joseph Harrison,Mathematics,Term 1,2024,5,3,3,5,4,2,4,5,3,5
2605,Joseph Harrison,Mathematics,Term 1,2024,4,4,2,4,4,4,4,4,3,4
2606,Joseph Harrison,Mathematics,Term 1,2024,2,5,4,3,3,3,5,3,4,5
2607,Joseph Harrison,Mathematics,Term 1,2024,4,3,3,3,3,3,3,4,3,4
2608,Joseph Harrison,Mathematics,Term 1,2024,3,5,4,5,3,3,3,3,4,3
2609,Joseph Harrison,Mathematics,Term 1,2024,4,3,3,5,3,3,4,1,5,3
2610,Joseph Harrison,Mathematics,Term 1,2024,4,3,4,3,4,4,4,4,3,5
2611,Joseph Harrison,Mathematics,Term 1,2024,3,4,2,3,3,3,3,4,5,2
2612,Joseph Harrison,Mathematics,Term 1,2024,5,4,4,3,4,3,4,5,3,3
2613,Joseph Harrison,Mathematics,Term 1,2024,3,3,4,4,2,2,4,4,3,2
2614,Joseph Harrison,Mathematics,Term 1,2024,4,2,4,5,5,4,4,4,4,3
2615,Joseph Harrison,Mathematics,Term 1,2024,4,3,4,3,3,5,5,3,3,3
2616,Joseph Harrison,Mathematics,Term 1,2024,2,4,4,3,4,3,4,5,4,4
2617,Joseph Harrison,Mathematics,Term 1,2024,3,4,5,4,3,3,4,4,5,4
2618,Joseph Harrison,Mathematics,Term 1,2024,4,3,4,4,4,3,3,4,2,4
2619,Joseph Harrison,Mathematics,Term 1,2024,4,3,3,3,4,4,4,5,4,3
2620,Joseph Harrison,Mathematics,Term 1,2024,3,4,3,3,3,4,3,4,3,2
2621,Joseph Harrison,Mathematics,Term 1,2024,5,4,5,4,4,3,4,4,4,3
2622,Joseph Harrison,Mathematics,Term 1,2024,4,4,4,3,3,4,4,4,4,3
2623,Joseph Harrison,Mathematics,Term 1,2024,2,5,2,5,4,4,4,4,3,4
2624,Joseph Harrison,Mathematics,Term 2,2024,3,2,3,3,4,4,2,2,4,3
2625,Joseph Harrison,Mathematics,Term 2,2024,4,3,3,5,3,4,2,4,3,4
2626,Joseph Harrison,Mathematics,Term 2,2024,3,3,3,4,2,3,4,4,5,3
2627,Joseph Harrison,Mathematics,Term 2,2024,5,3,4,3,3,3,4,2,4,3
2628,Joseph Harrison,Mathematics,Term 2,2024,4,3,4,4,4,3,5,4,3,3
2629,Joseph Harrison,Mathematics,Term 2,2024,4,4,5,5,4,3,4,4,3,3
2630,Joseph Harrison,Mathematics,Term 2,2024,1,4,5,4,2,3,4,4,5,4
2631,Joseph Harrison,Mathematics,Term 2,2024,2,3,3,4,4,2,4,2,4,5
2632,Joseph Harrison,Mathematics,Term 2,2024,4,2,4,3,5,3,3,5,4,3
2633,Joseph Harrison,Mathematics,Term 2,2024,4,3,4,4,2,4,3,4,3,5
2634,Joseph Harrison,Mathematics,Term 2,2024,4,4,4,4,4,4,4,4,4,2
2635,Joseph Harrison,Mathematics,Term 2,2024,2,4,4,3,3,4,3,2,2,4
2636,Joseph Harrison,Mathematics,Term 2,2024,3,3,4,4,5,4,4,2,5,2
2637,Joseph Harrison,Mathematics,Term 2,2024,4,3,3,3,3,3,5,4,4,3
2638,Joseph Harrison,Mathematics,Term 2,2024,4,3,4,4,4,3,4,4,3,4
2639,Joseph Harrison,Mathematics,Term 2,2024,5,4,3,4,3,3,3,5,3,4
2640,Joseph Harrison,Mathematics,Term 2,2024,2,3,4,4,4,3,4,4,4,3
2641,Joseph Harrison,Mathematics,Term 2,2024,4,3,3,2,4,3,4,4,4,3
2642,Joseph Harrison,Mathematics,Term 2,2024,2,4,2,5,4,4,4,4,4,4
2643,Joseph Harrison,Mathematics,Term 2,2024,5,3,3,3,3,3,3,3,4,4
2644,Joseph Harrison,Mathematics,Term 2,2024,4,5,4,4,4,3,3,4,4,3
2645,Joseph Harrison,Mathematics,Term 2,2024,4,3,4,4,4,4,3,5,5,2
2646,Joseph Harrison,Mathematics,Term 2,2024,4,4,4,3,3,2,3,5,2,5
2647,Joseph Harrison,Mathematics,Term 2,2024,4,3,4,4,3,3,4,3,5,4
2648,Joseph Harrison,Mathematics,Term 2,2024,3,4,3,3,5,2,4,3,5,4
2649,Joseph Harrison,Mathematics,Term 2,2024,4,4,3,4,3,3,3,3,4,3
2650,Joseph Harrison,Mathematics,Term 2,2024,3,4,4,4,4,3,4,5,4,4
2651,Joseph Harrison,Mathematics,Term 2,2024,3,5,3,4,5,5,2,4,5,4
2652,Joseph Harrison,Mathematics,Term 2,2024,3,3,3,5,2,3,4,3,5,3
2653,Joseph Harrison,Mathematics,Term 2,2024,4,3,3,3,4,4,3,5,4,3
2654,Joseph Harrison,Mathematics,Term 2,2024,3,3,5,3,4,3,3,2,3,4
2655,Joseph Harrison,Mathematics,Term 3,2024,3,3,4,4,3,3,3,2,4,3
2656,Joseph Harrison,Mathematics,Term 3,2024,3,3,3,4,4,3,4,3,3,2
2657,Joseph Harrison,Mathematics,Term 3,2024,2,2,3,3,4,4,4,5,3,3
2658,Joseph Harrison,Mathematics,Term 3,2024,5,3,4,4,2,3,3,5,3,3
2659,Joseph Harrison,Mathematics,Term 3,2024,4,3,4,4,3,4,4,3,3,3
2660,Joseph Harrison,Mathematics,Term 3,2024,4,2,5,4,4,3,2,4,4,3
2661,Joseph Harrison,Mathematics,Term 3,2024,4,2,5,4,4,4,3,5,4,5
2662,Joseph Harrison,Mathematics,Term 3,2024,4,2,2,4,3,4,5,4,4,3
2663,Joseph Harrison,Mathematics,Term 3,2024,5,3,4,4,4,3,5,2,2,2
2664,Joseph Harrison,Mathematics,Term 3,2024,4,2,3,4,4,3,5,3,4,5
2665,Joseph Harrison,Mathematics,Term 3,2024,3,3,3,4,4,4,3,2,4,3
2666,Joseph Harrison,Mathematics,Term 3,2024,4,3,5,4,4,5,4,4,4,4
2667,Joseph Harrison,Mathematics,Term 3,2024,3,4,4,5,4,4,3,3,3,3
2668,Joseph Harrison,Mathematics,Term 3,2024,4,3,4,5,3,4,2,4,3,4
2669,Joseph Harrison,Mathematics,Term 3,2024,3,4,4,2,4,5,4,4,3,3
2670,Joseph Harrison,Mathematics,Term 3,2024,4,2,4,4,3,4,3,4,4,4
2671,Joseph Harrison,Mathematics,Term 3,2024,3,3,4,5,4,5,5,3,5,4
2672,Joseph Harrison,Mathematics,Term 3,2024,3,5,4,3,4,3,3,4,4,4
2673,Joseph Harrison,Mathematics,Term 3,2024,4,5,3,4,4,5,5,3,4,4
2674,Joseph Harrison,Mathematics,Term 3,2024,5,4,3,3,3,3,5,4,5,4
2675,Joseph Harrison,Mathematics,Term 3,2024,3,3,3,4,4,2,3,4,4,2
2676,Joseph Harrison,Mathematics,Term 3,2024,3,4,3,3,3,4,4,3,4,3
2677,Joseph Harrison,Mathematics,Term 3,2024,4,3,3,4,4,4,4,5,4,4
2678,Joseph Harrison,Mathematics,Term 3,2024,3,3,4,4,3,3,5,3,3,3
2679,Joseph Harrison,Mathematics,Term 3,2024,4,5,3,3,3,5,2,4,3,3
2680,Joseph Harrison,Mathematics,Term 3,2024,4,4,3,5,3,4,4,4,3,3
2681,Joseph Harrison,Mathematics,Term 3,2024,4,3,2,3,5,4,3,4,3,4
2682,Joseph Harrison,Mathematics,Term 3,2024,3,4,4,3,4,4,5,3,4,4
2683,Joseph Harrison,Mathematics,Term 3,2024,4,5,4,4,4,4,3,3,3,3
2684,Joseph Harrison,Mathematics,Term 3,2024,3,3,4,4,2,4,5,3,3,5
2685,Joseph Harrison,Mathematics,Term 3,2024,4,4,4,3,3,4,5,5,3,3
2686,Joseph Harrison,Mathematics,Term 3,2024,3,3,3,4,5,5,4,3,4,3
2687,Joseph Harrison,Mathematics,Term 3,2024,2,5,3,4,3,3,3,1,3,4
2688,Joseph Harrison,Mathematics,Term 3,2024,3,4,4,5,4,4,3,2,2,4
2689,Joseph Harrison,Mathematics,Term 3,2024,4,4,4,5,4,3,2,5,3,4
2690,Joseph Harrison,Mathematics,Term 3,2024,2,4,4,2,3,3,3,3,3,4
2691,Joseph Harrison,Mathematics,Term 3,2024,4,3,4,5,4,3,4,4,2,4
2692,Joseph Harrison,Mathematics,Term 1,2025,3,4,4,4,4,3,3,4,2,3
2693,Joseph Harrison,Mathematics,Term 1,2025,4,3,4,2,4,3,3,4,4,3
2694,Joseph Harrison,Mathematics,Term 1,2025,4,4,4,4,3,3,3,2,4,4
2695,Joseph Harrison,Mathematics,Term 1,2025,4,4,4,3,3,5,3,4,4,3
2696,Joseph Harrison,Mathematics,Term 1,2025,5,5,4,4,3,4,5,4,3,3
2697,Joseph Harrison,Mathematics,Term 1,2025,3,3,4,5,4,3,3,3,4,5
2698,Joseph Harrison,Mathematics,Term 1,2025,4,4,3,3,4,3,3,3,4,4
2699,Joseph Harrison,Mathematics,Term 1,2025,2,3,4,3,3,5,5,4,3,4
2700,Joseph Harrison,Mathematics,Term 1,2025,5,2,4,4,4,3,4,5,4,3
2701,Joseph Harrison,Mathematics,Term 1,2025,5,3,3,4,3,2,3,3,5,3
2702,Joseph Harrison,Mathematics,Term 1,2025,5,4,2,3,4,3,3,3,4,3
2703,Joseph Harrison,Mathematics,Term 1,2025,4,4,2,4,3,5,4,4,4,2
2704,Joseph Harrison,Mathematics,Term 1,2025,3,3,3,4,3,3,4,4,4,4
2705,Joseph Harrison,Mathematics,Term 1,2025,5,4,3,3,2,5,3,3,3,4
2706,Joseph Harrison,Mathematics,Term 1,2025,4,3,2,5,3,3,4,3,3,3
2707,Joseph Harrison,Mathematics,Term 1,2025,4,4,4,3,5,3,3,3,3,3
2708,Joseph Harrison,Mathematics,Term 1,2025,4,5,5,2,4,4,4,4,5,3
2709,Joseph Harrison,Mathematics,Term 1,2025,3,4,1,4,3,4,4,4,4,4
2710,Joseph Harrison,Mathematics,Term 1,2025,3,3,4,4,3,3,5,3,3,4
2711,Joseph Harrison,Mathematics,Term 1,2025,4,3,5,4,5,3,3,5,2,3
2712,Joseph Harrison,Mathematics,Term 1,2025,5,4,4,3,5,4,4,5,2,4
2713,Joseph Harrison,Mathematics,Term 2,2025,3,5,4,2,3,3,4,4,3,3
2714,Joseph Harrison,Mathematics,Term 2,2025,3,4,3,3,4,4,3,4,2,3
2715,Joseph Harrison,Mathematics,Term 2,2025,3,3,4,5,4,4,3,2,4,3
2716,Joseph Harrison,Mathematics,Term 2,2025,3,3,2,4,4,2,4,3,4,3
2717,Joseph Harrison,Mathematics,Term 2,2025,5,3,3,3,3,4,2,3,4,3
2718,Joseph Harrison,Mathematics,Term 2,2025,2,3,5,4,4,3,4,4,3,4
2719,Joseph Harrison,Mathematics,Term 2,2025,3,4,3,3,3,3,3,3,3,4
2720,Joseph Harrison,Mathematics,Term 2,2025,4,4,4,4,3,5,3,4,4,3
2721,Joseph Harrison,Mathematics,Term 2,2025,4,3,2,4,3,3,5,3,4,5
2722,Joseph Harrison,Mathematics,Term 2,2025,5,5,3,4,3,5,5,3,5,4
2723,Joseph Harrison,Mathematics,Term 2,2025,5,4,3,4,5,4,4,4,3,4
2724,Joseph Harrison,Mathematics,Term 2,2025,4,3,4,3,2,4,3,4,5,2
2725,Joseph Harrison,Mathematics,Term 2,2025,5,3,3,4,3,3,5,4,4,4
2726,Joseph Harrison,Mathematics,Term 2,2025,4,2,4,5,2,4,4,3,2,4
2727,Joseph Harrison,Mathematics,Term 2,2025,4,2,3,4,5,5,3,4,4,4
2728,Joseph Harrison,Mathematics,Term 2,2025,5,4,5,5,3,3,3,4,3,3
2729,Joseph Harrison,Mathematics,Term 2,2025,3,5,3,2,4,3,4,3,4,2
2730,Joseph Harrison,Mathematics,Term 2,2025,3,5,3,4,4,3,3,5,4,3
2731,Joseph Harrison,Mathematics,Term 3,2025,5,4,4,4,4,3,3,4,4,3
2732,Joseph Harrison,Mathematics,Term 3,2025,3,4,2,5,3,5,5,3,4,4
2733,Joseph Harrison,Mathematics,Term 3,2025,4,5,4,4,5,4,4,3,4,2
2734,Joseph Harrison,Mathematics,Term 3,2025,5,3,3,4,3,5,3,3,4,5
2735,Joseph Harrison,Mathematics,Term 3,2025,4,3,2,4,3,4,2,5,2,2
2736,Joseph Harrison,Mathematics,Term 3,2025,4,2,4,4,2,5,3,3,4,4
2737,Joseph Harrison,Mathematics,Term 3,2025,3,3,3,3,3,4,3,3,4,3
2738,Joseph Harrison,Mathematics,Term 3,2025,3,4,4,5,4,2,4,3,4,3
2739,Joseph Harrison,Mathematics,Term 3,2025,3,4,3,5,3,4,4,4,3,4
2740,Joseph Harrison,Mathematics,Term 3,2025,4,3,3,4,4,3,4,3,4,3
2741,Joseph Harrison,Mathematics,Term 3,2025,3,4,3,3,4,4,3,3,5,3
2742,Joseph Harrison,Mathematics,Term 3,2025,4,3,3,3,3,4,3,3,3,3
2743,Joseph Harrison,Mathematics,Term 3,2025,3,3,3,4,3,4,5,3,3,4
2744,Joseph Harrison,Mathematics,Term 3,2025,5,3,1,3,2,4,3,3,3,4
2745,Joseph Harrison,Mathematics,Term 3,2025,4,3,3,3,4,4,4,3,3,4
2746,Joseph Harrison,Mathematics,Term 3,2025,3,4,4,4,3,1,5,4,3,3
2747,Joseph Harrison,Mathematics,Term 3,2025,3,2,4,4,3,4,4,4,2,3
2748,Joseph Harrison,Mathematics,Term 3,2025,3,3,4,5,4,5,3,4,4,3
2749,Joseph Harrison,Mathematics,Term 3,2025,5,3,2,2,3,4,3,3,3,2
2750,Joseph Harrison,Mathematics,Term 3,2025,3,5,3,4,4,3,4,4,3,4
2751,Joseph Harrison,Mathematics,Term 3,2025,4,4,3,4,3,3,5,5,4,3
2752,Joseph Harrison,Mathematics,Term 3,2025,4,3,5,4,4,5,3,2,4,4
2753,Joseph Harrison,Mathematics,Term 3,2025,4,4,5,4,4,3,2,3,5,3
2754,Joseph Harrison,Mathematics,Term 3,2025,4,3,4,4,4,4,3,4,4,2
2755,Joseph Harrison,Mathematics,Term 3,2025,4,4,4,5,3,4,4,2,4,4
2756,Joseph Harrison,Mathematics,Term 3,2025,3,5,2,3,3,4,4,4,5,2
2757,Joseph Harrison,Mathematics,Term 3,2025,3,2,4,2,3,3,2,4,5,3
2758,Joseph Harrison,Mathematics,Term 3,2025,4,5,4,5,3,3,4,4,4,4
2759,Joseph Harrison,Mathematics,Term 3,2025,4,5,5,3,4,4,4,4,3,4
2760,Joseph Harrison,Mathematics,Term 3,2025,5,3,4,4,3,5,3,4,3,4
2761,Joseph Harrison,Mathematics,Term 3,2025,3,3,4,4,3,5,4,4,3,3
2762,Joseph Harrison,Mathematics,Term 3,2025,3,4,3,4,3,4,4,2,5,3
2763,Joseph Harrison,Mathematics,Term 3,2025,4,2,4,3,5,4,3,5,4,4
2764,Joseph Harrison,Mathematics,Term 3,2025,4,4,4,4,2,4,3,4,2,3
2765,Joseph Harrison,Mathematics,Term 3,2025,4,3,2,4,3,3,4,1,3,5
2766,Joseph Harrison,Mathematics,Term 3,2025,3,3,4,4,4,4,5,4,4,4
2767,Joseph Harrison,Mathematics,Term 3,2025,5,4,3,5,3,5,3,5,4,5
2768,Joseph Harrison,Mathematics,Term 3,2025,3,4,4,5,3,4,3,4,4,4
2769,Matthew Dawson,History,Term 1,2023,3,2,2,3,3,2,3,2,3,3
2770,Matthew Dawson,History,Term 1,2023,2,2,4,2,4,4,3,3,2,2
2771,Matthew Dawson,History,Term 1,2023,3,1,3,4,4,3,2,3,2,3
2772,Matthew Dawson,History,Term 1,2023,3,2,4,3,3,3,3,3,3,2
2773,Matthew Dawson,History,Term 1,2023,2,3,2,3,4,3,3,3,3,3
2774,Matthew Dawson,History,Term 1,2023,3,3,4,3,2,4,5,4,3,3
2775,Matthew Dawson,History,Term 1,2023,3,4,4,3,4,3,3,3,3,2
2776,Matthew Dawson,History,Term 1,2023,2,3,4,3,4,3,2,3,3,3
2777,Matthew Dawson,History,Term 1,2023,2,3,2,2,3,3,2,3,2,2
2778,Matthew Dawson,History,Term 1,2023,3,4,3,1,1,3,4,2,2,3
2779,Matthew Dawson,History,Term 1,2023,3,3,3,3,3,3,2,4,3,2
2780,Matthew Dawson,History,Term 1,2023,3,3,2,2,3,2,4,4,3,3
2781,Matthew Dawson,History,Term 1,2023,2,3,2,3,2,3,2,3,3,1
2782,Matthew Dawson,History,Term 1,2023,1,3,3,3,3,4,3,4,2,2
2783,Matthew Dawson,History,Term 1,2023,2,2,3,4,1,2,4,2,3,2
2784,Matthew Dawson,History,Term 1,2023,2,3,1,2,4,3,2,2,3,4
2785,Matthew Dawson,History,Term 1,2023,3,3,3,3,1,2,2,2,3,3
2786,Matthew Dawson,History,Term 1,2023,2,4,4,3,5,3,4,3,4,2
2787,Matthew Dawson,History,Term 1,2023,2,3,2,2,1,3,4,3,2,2
2788,Matthew Dawson,History,Term 1,2023,3,1,3,3,3,2,2,1,4,3
2789,Matthew Dawson,History,Term 1,2023,3,2,3,3,2,4,2,4,3,3
2790,Matthew Dawson,History,Term 1,2023,3,4,3,4,1,3,3,2,3,3
2791,Matthew Dawson,History,Term 1,2023,2,3,4,4,4,2,2,3,3,3
2792,Matthew Dawson,History,Term 1,2023,3,3,3,2,3,3,3,1,3,3
2793,Matthew Dawson,History,Term 1,2023,4,4,2,4,3,3,2,3,4,3
2794,Matthew Dawson,History,Term 1,2023,2,3,4,3,3,4,3,2,3,3
2795,Matthew Dawson,History,Term 1,2023,3,4,2,2,3,2,3,3,3,2
2796,Matthew Dawson,History,Term 1,2023,4,2,2,3,3,1,3,3,2,2
2797,Matthew Dawson,History,Term 1,2023,3,4,4,2,3,3,3,4,2,3
2798,Matthew Dawson,History,Term 1,2023,3,2,4,3,4,2,3,3,3,3
2799,Matthew Dawson,History,Term 1,2023,4,2,4,3,2,1,2,4,3,3
2800,Matthew Dawson,History,Term 1,2023,3,3,2,4,1,4,1,2,2,2
2801,Matthew Dawson,History,Term 2,2023,2,3,3,3,2,2,4,3,2,2
2802,Matthew Dawson,History,Term 2,2023,3,4,4,5,3,3,3,4,2,1
2803,Matthew Dawson,History,Term 2,2023,1,4,3,3,2,3,3,3,2,2
2804,Matthew Dawson,History,Term 2,2023,3,3,4,4,2,2,4,4,3,2
2805,Matthew Dawson,History,Term 2,2023,3,2,4,3,3,2,1,2,3,2
2806,Matthew Dawson,History,Term 2,2023,3,2,3,3,3,2,3,2,3,3
2807,Matthew Dawson,History,Term 2,2023,3,2,2,4,4,3,2,3,2,2
2808,Matthew Dawson,History,Term 2,2023,3,4,4,2,3,3,2,4,5,3
2809,Matthew Dawson,History,Term 2,2023,4,2,3,3,4,2,4,2,4,3
2810,Matthew Dawson,History,Term 2,2023,4,3,3,2,4,3,4,3,3,2
2811,Matthew Dawson,History,Term 2,2023,3,2,3,2,3,4,4,3,2,4
2812,Matthew Dawson,History,Term 2,2023,2,4,3,5,3,3,2,2,3,3
2813,Matthew Dawson,History,Term 2,2023,3,2,5,3,3,2,2,4,3,2
2814,Matthew Dawson,History,Term 2,2023,2,2,4,4,3,3,4,4,3,3
2815,Matthew Dawson,History,Term 2,2023,3,2,2,2,3,3,3,4,3,4
2816,Matthew Dawson,History,Term 3,2023,3,3,3,4,3,3,4,2,3,3
2817,Matthew Dawson,History,Term 3,2023,3,3,3,5,3,2,3,2,2,2
2818,Matthew Dawson,History,Term 3,2023,3,2,2,2,3,2,2,4,3,2
2819,Matthew Dawson,History,Term 3,2023,3,4,3,2,3,2,2,2,2,3
2820,Matthew Dawson,History,Term 3,2023,2,3,3,3,3,2,2,2,2,2
2821,Matthew Dawson,History,Term 3,2023,3,2,3,4,4,3,4,3,2,2
2822,Matthew Dawson,History,Term 3,2023,3,3,4,2,3,3,2,3,2,2
2823,Matthew Dawson,History,Term 3,2023,3,2,4,4,2,3,4,2,3,2
2824,Matthew Dawson,History,Term 3,2023,3,1,3,3,3,3,2,3,3,4
2825,Matthew Dawson,History,Term 3,2023,2,2,2,4,2,2,1,3,5,4
2826,Matthew Dawson,History,Term 3,2023,3,4,2,4,3,3,2,3,5,4
2827,Matthew Dawson,History,Term 3,2023,2,1,2,3,2,3,3,4,1,3
2828,Matthew Dawson,History,Term 3,2023,3,1,2,4,3,3,2,2,3,4
2829,Matthew Dawson,History,Term 3,2023,2,3,3,4,3,4,2,3,3,2
2830,Matthew Dawson,History,Term 3,2023,2,4,2,1,2,2,3,3,3,2
2831,Matthew Dawson,History,Term 3,2023,2,4,3,3,3,2,2,3,4,3
2832,Matthew Dawson,History,Term 1,2024,2,3,3,4,3,2,3,2,3,5
2833,Matthew Dawson,History,Term 1,2024,3,1,3,4,3,3,3,3,3,3
2834,Matthew Dawson,History,Term 1,2024,3,3,3,4,2,3,3,3,2,2
2835,Matthew Dawson,History,Term 1,2024,4,3,3,2,3,3,4,2,3,4
2836,Matthew Dawson,History,Term 1,2024,3,2,4,3,3,2,2,3,2,2
2837,Matthew Dawson,History,Term 1,2024,2,1,2,2,2,2,3,4,2,2
2838,Matthew Dawson,History,Term 1,2024,4,3,3,3,2,2,3,4,1,3
2839,Matthew Dawson,History,Term 1,2024,2,1,2,3,3,2,3,1,2,3
2840,Matthew Dawson,History,Term 1,2024,3,4,3,2,4,2,4,4,2,3
2841,Matthew Dawson,History,Term 1,2024,3,3,4,3,4,3,3,3,1,2
2842,Matthew Dawson,History,Term 1,2024,3,3,3,2,3,2,4,2,2,3
2843,Matthew Dawson,History,Term 1,2024,4,4,3,2,4,3,2,3,3,2
2844,Matthew Dawson,History,Term 1,2024,3,1,2,3,2,3,4,3,2,3
2845,Matthew Dawson,History,Term 1,2024,3,4,3,3,3,3,2,4,3,3
2846,Matthew Dawson,History,Term 1,2024,2,2,3,4,3,1,3,2,3,3
2847,Matthew Dawson,History,Term 1,2024,5,1,2,1,3,4,4,1,3,4
2848,Matthew Dawson,History,Term 1,2024,3,2,4,3,4,3,5,4,3,2
2849,Matthew Dawson,History,Term 1,2024,2,3,3,4,1,4,2,2,4,2
2850,Matthew Dawson,History,Term 1,2024,2,2,3,4,4,4,3,3,3,3
2851,Matthew Dawson,History,Term 1,2024,3,3,3,3,2,4,2,3,2,2
2852,Matthew Dawson,History,Term 1,2024,1,2,3,2,4,2,3,3,3,3
2853,Matthew Dawson,History,Term 1,2024,3,2,3,2,3,3,4,3,4,3
2854,Matthew Dawson,History,Term 2,2024,3,2,3,3,2,2,4,3,3,4
2855,Matthew Dawson,History,Term 2,2024,3,2,2,3,2,3,2,3,3,4
2856,Matthew Dawson,History,Term 2,2024,3,3,2,2,4,2,5,2,3,3
2857,Matthew Dawson,History,Term 2,2024,2,3,4,2,2,4,2,2,4,3
2858,Matthew Dawson,History,Term 2,2024,4,2,2,3,3,3,4,3,3,4
2859,Matthew Dawson,History,Term 2,2024,2,3,3,2,3,3,2,2,2,3
2860,Matthew Dawson,History,Term 2,2024,2,2,4,3,3,2,4,4,3,2
2861,Matthew Dawson,History,Term 2,2024,3,2,2,3,3,3,5,4,1,3
2862,Matthew Dawson,History,Term 2,2024,5,4,2,3,3,2,3,4,4,3
2863,Matthew Dawson,History,Term 2,2024,2,4,4,2,2,3,2,4,3,4
2864,Matthew Dawson,History,Term 2,2024,2,2,3,3,3,2,3,2,1,2
2865,Matthew Dawson,History,Term 2,2024,3,2,3,4,3,2,3,3,3,4
2866,Matthew Dawson,History,Term 2,2024,2,3,3,3,4,3,3,3,3,2
2867,Matthew Dawson,History,Term 2,2024,3,3,2,3,2,3,3,4,3,3
2868,Matthew Dawson,History,Term 2,2024,3,3,3,3,4,2,3,3,3,3
2869,Matthew Dawson,History,Term 2,2024,3,2,2,4,4,3,2,3,3,2
2870,Matthew Dawson,History,Term 2,2024,3,5,3,3,2,3,3,5,3,3
2871,Matthew Dawson,History,Term 2,2024,4,1,2,3,3,1,4,2,2,3
2872,Matthew Dawson,History,Term 2,2024,5,1,3,1,3,1,2,3,4,3
2873,Matthew Dawson,History,Term 2,2024,3,3,2,3,3,3,3,4,3,3
2874,Matthew Dawson,History,Term 2,2024,3,1,3,2,3,3,3,2,4,3
2875,Matthew Dawson,History,Term 2,2024,3,3,4,3,3,3,3,2,3,3
2876,Matthew Dawson,History,Term 2,2024,3,4,3,2,3,2,2,2,2,2
2877,Matthew Dawson,History,Term 2,2024,4,2,1,2,3,1,3,3,3,3
2878,Matthew Dawson,History,Term 2,2024,2,2,2,2,2,2,2,3,3,2
2879,Matthew Dawson,History,Term 2,2024,2,2,3,2,3,4,2,2,4,3
2880,Matthew Dawson,History,Term 2,2024,3,4,5,4,2,3,2,3,3,3
2881,Matthew Dawson,History,Term 2,2024,3,4,3,3,3,3,3,3,4,3
2882,Matthew Dawson,History,Term 3,2024,2,3,3,3,3,2,2,3,3,3
2883,Matthew Dawson,History,Term 3,2024,2,5,3,3,2,2,3,3,2,4
2884,Matthew Dawson,History,Term 3,2024,3,2,2,2,2,3,3,4,3,4
2885,Matthew Dawson,History,Term 3,2024,2,3,3,2,3,4,2,4,3,3
2886,Matthew Dawson,History,Term 3,2024,3,4,4,3,4,4,3,3,1,2
2887,Matthew Dawson,History,Term 3,2024,3,2,2,4,3,4,3,2,2,3
2888,Matthew Dawson,History,Term 3,2024,3,3,3,3,3,2,2,3,2,3
2889,Matthew Dawson,History,Term 3,2024,3,1,2,4,2,4,2,4,3,3
2890,Matthew Dawson,History,Term 3,2024,3,4,3,3,2,3,2,2,1,3
2891,Matthew Dawson,History,Term 3,2024,3,2,4,2,3,3,2,3,3,3
2892,Matthew Dawson,History,Term 3,2024,3,3,2,4,3,2,2,4,2,3
2893,Matthew Dawson,History,Term 3,2024,3,3,4,2,2,3,4,3,3,2
2894,Matthew Dawson,History,Term 3,2024,4,3,4,3,3,4,3,2,3,4
2895,Matthew Dawson,History,Term 3,2024,2,3,4,3,2,2,3,4,2,3
2896,Matthew Dawson,History,Term 3,2024,3,3,3,1,3,4,2,4,2,3
2897,Matthew Dawson,History,Term 3,2024,3,4,1,3,3,3,3,3,4,2
2898,Matthew Dawson,History,Term 3,2024,3,4,4,1,2,4,3,5,3,3
2899,Matthew Dawson,History,Term 3,2024,3,4,5,3,4,3,3,3,2,4
2900,Matthew Dawson,History,Term 3,2024,3,2,2,2,3,4,2,2,1,2
2901,Matthew Dawson,History,Term 3,2024,2,4,2,3,3,3,2,4,3,2
2902,Matthew Dawson,History,Term 3,2024,3,3,2,3,3,3,3,3,3,4
2903,Matthew Dawson,History,Term 3,2024,2,1,3,4,3,2,3,1,3,1
2904,Matthew Dawson,History,Term 3,2024,2,5,2,3,3,2,4,2,3,3
2905,Matthew Dawson,History,Term 3,2024,3,5,2,3,4,2,3,3,2,2
2906,Matthew Dawson,History,Term 3,2024,1,2,1,3,1,2,3,3,3,3
2907,Matthew Dawson,History,Term 3,2024,2,3,1,3,2,2,3,3,3,2
2908,Matthew Dawson,History,Term 3,2024,1,3,2,1,2,3,3,3,2,3
2909,Matthew Dawson,History,Term 3,2024,4,3,2,2,3,4,1,3,2,2
2910,Matthew Dawson,History,Term 1,2025,2,2,2,2,3,3,3,3,3,3
2911,Matthew Dawson,History,Term 1,2025,2,2,2,3,3,3,4,4,2,1
2912,Matthew Dawson,History,Term 1,2025,4,3,3,3,3,3,3,2,2,4
2913,Matthew Dawson,History,Term 1,2025,4,3,3,3,3,3,4,4,2,3
2914,Matthew Dawson,History,Term 1,2025,2,3,2,4,2,2,2,2,3,4
2915,Matthew Dawson,History,Term 1,2025,2,3,2,2,4,2,2,4,3,5
2916,Matthew Dawson,History,Term 1,2025,3,3,2,3,2,2,2,3,5,3
2917,Matthew Dawson,History,Term 1,2025,3,3,3,1,3,4,3,3,3,4
2918,Matthew Dawson,History,Term 1,2025,2,3,3,2,2,3,4,2,2,3
2919,Matthew Dawson,History,Term 1,2025,3,2,2,3,2,3,1,3,3,3
2920,Matthew Dawson,History,Term 1,2025,1,2,3,5,3,4,4,3,4,4
2921,Matthew Dawson,History,Term 1,2025,3,2,3,3,2,3,2,2,2,2
2922,Matthew Dawson,History,Term 1,2025,2,4,2,4,5,2,3,3,1,3
2923,Matthew Dawson,History,Term 1,2025,3,4,3,3,2,1,3,4,2,3
2924,Matthew Dawson,History,Term 1,2025,3,2,4,3,3,2,4,2,3,4
2925,Matthew Dawson,History,Term 1,2025,3,3,4,5,2,3,4,3,1,4
2926,Matthew Dawson,History,Term 1,2025,3,2,3,3,2,3,3,2,3,4
2927,Matthew Dawson,History,Term 1,2025,1,3,3,3,3,3,4,3,2,2
2928,Matthew Dawson,History,Term 1,2025,2,4,2,3,4,3,3,3,2,2
2929,Matthew Dawson,History,Term 1,2025,3,3,2,4,3,3,3,2,2,4
2930,Matthew Dawson,History,Term 1,2025,4,2,3,3,3,4,3,3,1,1
2931,Matthew Dawson,History,Term 1,2025,2,2,3,4,3,2,3,3,3,2
2932,Matthew Dawson,History,Term 1,2025,3,2,3,3,3,2,4,3,4,3
2933,Matthew Dawson,History,Term 1,2025,2,3,4,3,2,4,3,4,2,3
2934,Matthew Dawson,History,Term 1,2025,3,3,3,1,3,3,2,3,4,2
2935,Matthew Dawson,History,Term 1,2025,3,2,2,3,2,3,4,3,3,2
2936,Matthew Dawson,History,Term 1,2025,4,4,3,3,3,2,3,2,4,2
2937,Matthew Dawson,History,Term 1,2025,2,3,3,3,4,3,3,2,2,2
2938,Matthew Dawson,History,Term 2,2025,2,2,2,3,3,2,4,2,2,2
2939,Matthew Dawson,History,Term 2,2025,4,4,2,3,3,5,1,3,3,4
2940,Matthew Dawson,History,Term 2,2025,3,1,2,3,2,3,2,2,3,3
2941,Matthew Dawson,History,Term 2,2025,3,2,3,3,3,1,2,2,2,3
2942,Matthew Dawson,History,Term 2,2025,2,1,2,3,3,2,3,3,5,3
2943,Matthew Dawson,History,Term 2,2025,3,4,3,3,3,4,3,2,3,3
2944,Matthew Dawson,History,Term 2,2025,3,3,4,2,2,3,2,2,3,3
2945,Matthew Dawson,History,Term 2,2025,4,2,4,3,3,3,2,2,3,3
2946,Matthew Dawson,History,Term 2,2025,1,2,3,3,3,2,2,3,2,2
2947,Matthew Dawson,History,Term 2,2025,2,2,1,2,3,3,1,2,2,3
2948,Matthew Dawson,History,Term 2,2025,1,3,4,4,3,3,4,3,2,4
2949,Matthew Dawson,History,Term 2,2025,3,2,3,2,2,4,1,3,2,2
2950,Matthew Dawson,History,Term 2,2025,2,3,3,3,3,3,2,3,3,2
2951,Matthew Dawson,History,Term 2,2025,2,4,2,3,2,2,4,3,2,4
2952,Matthew Dawson,History,Term 2,2025,2,3,4,3,3,3,2,2,4,2
2953,Matthew Dawson,History,Term 3,2025,2,2,2,3,2,1,4,3,2,3
2954,Matthew Dawson,History,Term 3,2025,2,3,2,1,4,2,4,3,2,2
2955,Matthew Dawson,History,Term 3,2025,3,3,4,3,3,3,2,4,3,3
2956,Matthew Dawson,History,Term 3,2025,1,3,3,4,2,4,3,4,3,2
2957,Matthew Dawson,History,Term 3,2025,4,2,2,3,3,3,3,3,3,2
2958,Matthew Dawson,History,Term 3,2025,1,3,2,2,3,3,3,3,2,4
2959,Matthew Dawson,History,Term 3,2025,4,3,4,1,4,3,4,2,2,3
2960,Matthew Dawson,History,Term 3,2025,2,3,3,1,3,1,5,3,2,1
2961,Matthew Dawson,History,Term 3,2025,3,3,3,2,3,1,2,3,2,3
2962,Matthew Dawson,History,Term 3,2025,2,3,2,4,2,4,3,2,3,3
2963,Matthew Dawson,History,Term 3,2025,2,2,3,4,3,2,2,4,3,2
2964,Matthew Dawson,History,Term 3,2025,2,2,4,2,2,1,3,4,3,3
2965,Matthew Dawson,History,Term 3,2025,2,2,3,3,3,1,3,4,2,1
2966,Matthew Dawson,History,Term 3,2025,4,1,4,3,5,2,3,1,4,3
2967,Matthew Dawson,History,Term 3,2025,3,4,2,3,4,2,4,3,2,3
2968,Matthew Dawson,History,Term 3,2025,5,3,4,3,3,3,3,2,2,2
2969,Matthew Dawson,History,Term 3,2025,4,1,3,3,3,2,4,3,5,2
2970,Matthew Dawson,History,Term 3,2025,3,3,2,2,4,2,3,2,4,2
2971,Matthew Dawson,History,Term 3,2025,4,2,3,3,3,2,3,3,2,2
2972,Matthew Dawson,History,Term 3,2025,2,3,4,3,2,3,3,3,3,2
2973,Matthew Dawson,History,Term 3,2025,3,3,2,5,1,4,2,3,3,1
2974,Matthew Dawson,History,Term 3,2025,5,3,2,3,3,3,2,4,4,4
2975,Matthew Dawson,History,Term 3,2025,3,4,4,1,5,3,2,3,2,2
2976,Matthew Dawson,History,Term 3,2025,4,4,1,4,3,3,2,3,4,2
2977,Matthew Dawson,History,Term 3,2025,3,4,2,2,3,4,3,4,1,2
2978,Matthew Dawson,History,Term 3,2025,3,2,2,3,2,2,3,2,4,3
2979,Matthew Dawson,History,Term 3,2025,2,4,3,1,1,2,2,3,3,2
2980,Matthew Dawson,History,Term 3,2025,3,2,2,2,5,2,2,3,4,3
2981,Matthew Dawson,History,Term 3,2025,3,4,3,2,4,3,2,2,3,2
2982,Matthew Dawson,History,Term 3,2025,3,3,4,2,2,3,2,2,3,2
2983,Matthew Dawson,History,Term 3,2025,2,1,4,3,4,1,4,3,1,3
2984,Matthew Dawson,History,Term 3,2025,2,4,2,4,1,3,3,4,1,3
2985,Matthew Dawson,History,Term 3,2025,4,2,2,1,3,3,2,2,2,3
2986,Matthew Dawson,History,Term 3,2025,3,3,3,3,4,2,2,2,2,4
2987,Matthew Dawson,History,Term 3,2025,3,2,3,3,3,3,3,4,2,3
2988,Matthew Dawson,History,Term 3,2025,3,3,2,2,2,3,3,3,3,1
2989,Matthew Dawson,History,Term 3,2025,4,2,3,2,2,4,4,3,2,4
2990,Matthew Dawson,History,Term 3,2025,3,3,5,4,2,1,2,4,2,3
2991,Danielle Ross,Physics,Term 1,2023,3,3,3,3,3,3,4,4,4,2
2992,Danielle Ross,Physics,Term 1,2023,2,3,4,3,3,4,5,2,4,3
2993,Danielle Ross,Physics,Term 1,2023,3,4,3,2,3,3,3,3,3,4
2994,Danielle Ross,Physics,Term 1,2023,3,2,2,4,4,3,3,3,4,3
2995,Danielle Ross,Physics,Term 1,2023,4,5,2,3,4,2,3,2,5,3
2996,Danielle Ross,Physics,Term 1,2023,3,3,3,3,2,2,4,4,4,2
2997,Danielle Ross,Physics,Term 1,2023,4,2,3,2,5,3,3,3,4,2
2998,Danielle Ross,Physics,Term 1,2023,4,3,1,2,5,4,3,4,2,4
2999,Danielle Ross,Physics,Term 1,2023,4,3,4,4,1,2,3,4,3,3
3000,Danielle Ross,Physics,Term 1,2023,3,3,2,3,3,3,3,4,2,3
3001,Danielle Ross,Physics,Term 1,2023,2,3,3,2,4,4,3,3,3,2
3002,Danielle Ross,Physics,Term 1,2023,3,4,4,4,4,3,3,3,3,4
3003,Danielle Ross,Physics,Term 1,2023,3,3,5,2,4,2,3,2,3,3
3004,Danielle Ross,Physics,Term 1,2023,2,2,2,5,2,3,1,3,4,4
3005,Danielle Ross,Physics,Term 1,2023,3,4,3,3,2,2,3,4,4,2
3006,Danielle Ross,Physics,Term 1,2023,3,4,4,3,2,3,4,3,3,2
3007,Danielle Ross,Physics,Term 1,2023,4,3,3,4,4,2,3,3,3,4
3008,Danielle Ross,Physics,Term 1,2023,2,4,3,2,3,4,3,3,3,3
3009,Danielle Ross,Physics,Term 1,2023,3,2,3,4,3,4,3,2,5,3
3010,Danielle Ross,Physics,Term 1,2023,3,3,3,3,3,3,2,3,2,3
3011,Danielle Ross,Physics,Term 1,2023,3,5,3,1,2,3,4,3,4,3
3012,Danielle Ross,Physics,Term 1,2023,5,3,4,2,2,3,4,2,4,3
3013,Danielle Ross,Physics,Term 1,2023,3,3,3,2,4,4,3,4,4,4
3014,Danielle Ross,Physics,Term 1,2023,3,3,3,2,3,3,1,1,4,2
3015,Danielle Ross,Physics,Term 1,2023,4,2,4,4,4,2,3,3,2,3
3016,Danielle Ross,Physics,Term 1,2023,2,2,3,2,4,4,3,4,2,3
3017,Danielle Ross,Physics,Term 1,2023,3,2,4,2,4,3,2,3,3,4
3018,Danielle Ross,Physics,Term 1,2023,2,3,2,2,3,2,3,2,3,4
3019,Danielle Ross,Physics,Term 1,2023,4,2,3,2,3,2,3,3,3,4
3020,Danielle Ross,Physics,Term 1,2023,4,3,1,4,4,3,3,4,4,2
3021,Danielle Ross,Physics,Term 1,2023,3,2,3,3,1,4,4,4,4,2
3022,Danielle Ross,Physics,Term 1,2023,5,3,3,4,4,4,3,4,2,3
3023,Danielle Ross,Physics,Term 1,2023,3,3,4,4,3,2,2,4,3,3
3024,Danielle Ross,Physics,Term 1,2023,2,4,5,3,4,2,4,4,3,4
3025,Danielle Ross,Physics,Term 1,2023,3,3,2,2,3,3,3,4,2,4
3026,Danielle Ross,Physics,Term 1,2023,2,3,3,2,5,3,4,2,3,2
3027,Danielle Ross,Physics,Term 1,2023,2,3,3,4,5,2,3,4,2,3
3028,Danielle Ross,Physics,Term 2,2023,3,3,2,3,3,3,4,3,5,4
3029,Danielle Ross,Physics,Term 2,2023,4,2,3,3,3,3,3,3,4,3
3030,Danielle Ross,Physics,Term 2,2023,3,2,3,3,4,2,3,3,2,3
3031,Danielle Ross,Physics,Term 2,2023,4,3,3,3,5,3,2,2,3,3
3032,Danielle Ross,Physics,Term 2,2023,3,4,4,3,2,4,3,3,3,3
3033,Danielle Ross,Physics,Term 2,2023,2,3,3,3,2,4,2,3,3,2
3034,Danielle Ross,Physics,Term 2,2023,3,4,3,1,4,3,3,3,4,4
3035,Danielle Ross,Physics,Term 2,2023,5,4,3,3,2,4,3,2,4,4
3036,Danielle Ross,Physics,Term 2,2023,4,3,2,4,3,3,4,2,3,2
3037,Danielle Ross,Physics,Term 2,2023,3,3,2,3,4,4,3,3,2,4
3038,Danielle Ross,Physics,Term 2,2023,3,4,4,4,2,5,3,4,4,3
3039,Danielle Ross,Physics,Term 2,2023,2,3,2,5,3,4,4,2,3,4
3040,Danielle Ross,Physics,Term 2,2023,3,2,3,3,4,2,3,4,2,3
3041,Danielle Ross,Physics,Term 2,2023,3,4,3,3,3,3,3,4,4,3
3042,Danielle Ross,Physics,Term 2,2023,4,5,4,3,2,3,3,5,3,4
3043,Danielle Ross,Physics,Term 2,2023,3,3,2,3,3,2,2,3,2,3
3044,Danielle Ross,Physics,Term 2,2023,3,2,3,3,4,4,3,3,2,3
3045,Danielle Ross,Physics,Term 2,2023,2,4,2,3,3,5,4,4,3,4
3046,Danielle Ross,Physics,Term 2,2023,3,3,4,3,2,2,4,3,4,2
3047,Danielle Ross,Physics,Term 2,2023,4,2,2,2,3,3,2,2,4,3
3048,Danielle Ross,Physics,Term 2,2023,3,3,2,3,3,2,2,3,4,3
3049,Danielle Ross,Physics,Term 2,2023,4,4,4,4,2,3,2,3,1,4
3050,Danielle Ross,Physics,Term 2,2023,4,2,3,4,3,2,3,4,2,2
3051,Danielle Ross,Physics,Term 2,2023,3,3,3,3,3,3,1,3,4,4
3052,Danielle Ross,Physics,Term 2,2023,4,2,3,2,3,2,2,2,4,4
3053,Danielle Ross,Physics,Term 2,2023,3,2,2,3,4,3,3,4,3,3
3054,Danielle Ross,Physics,Term 2,2023,4,3,4,3,3,3,3,3,2,3
3055,Danielle Ross,Physics,Term 2,2023,4,3,4,3,2,3,4,4,2,3
3056,Danielle Ross,Physics,Term 2,2023,3,1,5,2,2,2,3,1,3,1
3057,Danielle Ross,Physics,Term 2,2023,3,3,4,2,2,3,4,4,3,2
3058,Danielle Ross,Physics,Term 2,2023,2,2,4,3,4,2,2,4,3,3
3059,Danielle Ross,Physics,Term 2,2023,4,3,4,3,4,4,2,4,4,3
3060,Danielle Ross,Physics,Term 2,2023,3,5,3,3,2,3,3,3,3,4
3061,Danielle Ross,Physics,Term 2,2023,4,3,3,2,3,4,3,3,3,1
3062,Danielle Ross,Physics,Term 2,2023,3,3,3,3,2,2,3,3,4,4
3063,Danielle Ross,Physics,Term 2,2023,4,4,3,4,2,4,2,4,3,3
3064,Danielle Ross,Physics,Term 2,2023,2,1,3,2,5,3,4,4,4,4
3065,Danielle Ross,Physics,Term 2,2023,4,3,2,3,3,3,5,3,3,3
3066,Danielle Ross,Physics,Term 3,2023,2,4,2,3,2,3,3,4,4,4
3067,Danielle Ross,Physics,Term 3,2023,3,2,3,3,4,4,4,4,3,3
3068,Danielle Ross,Physics,Term 3,2023,3,3,4,3,3,3,4,3,2,3
3069,Danielle Ross,Physics,Term 3,2023,2,3,2,4,3,3,2,3,3,1
3070,Danielle Ross,Physics,Term 3,2023,2,3,4,3,4,4,2,4,2,4
3071,Danielle Ross,Physics,Term 3,2023,2,3,2,3,4,2,4,3,5,3
3072,Danielle Ross,Physics,Term 3,2023,2,4,2,2,3,3,3,2,3,3
3073,Danielle Ross,Physics,Term 3,2023,3,2,2,2,3,3,4,2,2,3
3074,Danielle Ross,Physics,Term 3,2023,3,3,4,2,3,3,2,4,4,3
3075,Danielle Ross,Physics,Term 3,2023,4,3,2,4,2,2,4,3,5,2
3076,Danielle Ross,Physics,Term 3,2023,4,3,1,4,2,1,5,4,3,4
3077,Danielle Ross,Physics,Term 3,2023,3,3,4,3,4,3,2,3,4,4
3078,Danielle Ross,Physics,Term 3,2023,3,5,3,2,3,3,3,3,3,4
3079,Danielle Ross,Physics,Term 3,2023,3,3,1,4,2,4,2,2,3,3
3080,Danielle Ross,Physics,Term 3,2023,4,3,3,4,3,3,4,4,4,4
3081,Danielle Ross,Physics,Term 3,2023,2,3,2,3,4,4,5,3,2,4
3082,Danielle Ross,Physics,Term 3,2023,3,3,4,3,4,3,4,3,2,4
3083,Danielle Ross,Physics,Term 3,2023,3,4,3,3,3,3,1,3,3,4
3084,Danielle Ross,Physics,Term 3,2023,2,4,2,4,3,4,4,3,3,3
3085,Danielle Ross,Physics,Term 3,2023,4,4,4,4,3,3,4,2,4,3
3086,Danielle Ross,Physics,Term 1,2024,3,4,3,2,3,4,4,3,2,2
3087,Danielle Ross,Physics,Term 1,2024,4,3,4,3,3,3,4,4,2,3
3088,Danielle Ross,Physics,Term 1,2024,4,4,5,2,4,4,4,3,3,3
3089,Danielle Ross,Physics,Term 1,2024,3,3,4,3,4,4,4,4,3,3
3090,Danielle Ross,Physics,Term 1,2024,1,3,2,3,4,4,3,3,4,4
3091,Danielle Ross,Physics,Term 1,2024,3,4,2,4,3,3,3,3,3,5
3092,Danielle Ross,Physics,Term 1,2024,2,4,3,3,4,2,4,3,1,3
3093,Danielle Ross,Physics,Term 1,2024,3,3,3,5,4,2,2,3,4,4
3094,Danielle Ross,Physics,Term 1,2024,2,2,3,3,2,3,2,2,3,2
3095,Danielle Ross,Physics,Term 1,2024,3,2,3,3,4,3,4,4,4,4
3096,Danielle Ross,Physics,Term 1,2024,3,3,3,4,3,2,3,1,3,3
3097,Danielle Ross,Physics,Term 1,2024,3,4,5,2,3,2,3,3,5,3
3098,Danielle Ross,Physics,Term 1,2024,3,2,4,2,4,4,2,3,3,2
3099,Danielle Ross,Physics,Term 1,2024,2,2,2,4,2,3,4,4,2,5
3100,Danielle Ross,Physics,Term 1,2024,3,3,5,4,3,3,4,4,2,5
3101,Danielle Ross,Physics,Term 1,2024,3,3,2,2,2,3,4,3,4,4
3102,Danielle Ross,Physics,Term 1,2024,3,4,3,3,3,3,3,2,4,2
3103,Danielle Ross,Physics,Term 1,2024,3,3,3,3,2,2,4,4,3,4
3104,Danielle Ross,Physics,Term 1,2024,4,3,4,2,4,2,3,2,3,4
3105,Danielle Ross,Physics,Term 1,2024,4,3,2,5,5,2,4,2,2,3
3106,Danielle Ross,Physics,Term 1,2024,3,4,1,3,3,5,2,3,4,5
3107,Danielle Ross,Physics,Term 1,2024,5,3,3,2,4,3,3,3,2,3
3108,Danielle Ross,Physics,Term 1,2024,3,4,5,4,2,3,3,3,4,3
3109,Danielle Ross,Physics,Term 1,2024,4,4,3,4,2,4,5,4,4,5
3110,Danielle Ross,Physics,Term 1,2024,3,4,3,3,5,4,2,3,3,4
3111,Danielle Ross,Physics,Term 1,2024,3,3,4,5,2,5,2,1,4,3
3112,Danielle Ross,Physics,Term 1,2024,3,4,1,4,2,4,2,3,2,3
3113,Danielle Ross,Physics,Term 1,2024,3,2,2,3,2,4,3,3,5,2
3114,Danielle Ross,Physics,Term 1,2024,3,4,3,2,2,2,3,3,3,3
3115,Danielle Ross,Physics,Term 1,2024,3,3,2,4,3,4,2,2,4,3
3116,Danielle Ross,Physics,Term 1,2024,2,3,4,4,3,4,3,2,2,5
3117,Danielle Ross,Physics,Term 1,2024,2,3,2,3,2,5,4,4,4,3
3118,Danielle Ross,Physics,Term 1,2024,4,2,2,2,3,2,4,4,4,5
3119,Danielle Ross,Physics,Term 1,2024,3,4,3,2,3,4,2,4,3,3
3120,Danielle Ross,Physics,Term 1,2024,3,3,3,3,2,4,4,2,3,3
3121,Danielle Ross,Physics,Term 1,2024,4,3,4,2,3,3,2,2,3,3
3122,Danielle Ross,Physics,Term 1,2024,3,4,3,3,4,3,4,1,3,3
3123,Danielle Ross,Physics,Term 2,2024,4,4,4,3,3,2,3,4,5,4
3124,Danielle Ross,Physics,Term 2,2024,4,4,4,3,3,3,2,3,3,2
3125,Danielle Ross,Physics,Term 2,2024,3,4,3,3,3,4,3,3,3,1
3126,Danielle Ross,Physics,Term 2,2024,4,3,2,2,3,2,4,3,4,4
3127,Danielle Ross,Physics,Term 2,2024,3,4,4,3,3,3,3,3,2,4
3128,Danielle Ross,Physics,Term 2,2024,3,3,2,4,2,3,4,2,3,4
3129,Danielle Ross,Physics,Term 2,2024,3,2,3,1,2,4,3,3,4,3
3130,Danielle Ross,Physics,Term 2,2024,4,3,5,2,4,3,2,4,3,3
3131,Danielle Ross,Physics,Term 2,2024,1,3,4,3,3,4,3,3,2,3
3132,Danielle Ross,Physics,Term 2,2024,3,4,3,4,2,3,3,2,2,4
3133,Danielle Ross,Physics,Term 2,2024,4,2,3,4,3,4,3,4,2,3
3134,Danielle Ross,Physics,Term 2,2024,3,4,5,1,4,4,3,3,3,4
3135,Danielle Ross,Physics,Term 2,2024,4,2,4,3,2,4,2,3,5,3
3136,Danielle Ross,Physics,Term 2,2024,3,2,4,4,3,2,3,4,3,3
3137,Danielle Ross,Physics,Term 2,2024,4,4,4,3,3,3,4,2,3,2
3138,Danielle Ross,Physics,Term 3,2024,3,4,2,4,3,2,4,4,3,3
3139,Danielle Ross,Physics,Term 3,2024,3,1,3,3,3,2,3,3,4,3
3140,Danielle Ross,Physics,Term 3,2024,1,2,3,3,2,4,4,3,3,2
3141,Danielle Ross,Physics,Term 3,2024,3,3,2,3,2,4,4,4,3,3
3142,Danielle Ross,Physics,Term 3,2024,3,3,5,3,3,2,2,3,4,2
3143,Danielle Ross,Physics,Term 3,2024,2,3,2,3,3,3,4,3,3,4
3144,Danielle Ross,Physics,Term 3,2024,4,4,3,1,4,5,2,4,3,2
3145,Danielle Ross,Physics,Term 3,2024,3,3,3,4,3,3,4,4,3,4
3146,Danielle Ross,Physics,Term 3,2024,3,3,4,3,4,4,3,5,2,4
3147,Danielle Ross,Physics,Term 3,2024,3,4,3,4,3,4,3,3,3,3
3148,Danielle Ross,Physics,Term 3,2024,2,3,4,3,4,4,2,3,3,3
3149,Danielle Ross,Physics,Term 3,2024,4,2,4,2,5,2,4,3,3,4
3150,Danielle Ross,Physics,Term 3,2024,2,5,4,5,3,3,2,3,2,4
3151,Danielle Ross,Physics,Term 3,2024,5,2,4,3,3,4,4,4,3,3
3152,Danielle Ross,Physics,Term 3,2024,4,2,3,3,3,3,4,3,3,4
3153,Danielle Ross,Physics,Term 3,2024,4,3,4,3,3,3,2,2,4,4
3154,Danielle Ross,Physics,Term 1,2025,3,3,2,4,4,3,3,2,4,4
3155,Danielle Ross,Physics,Term 1,2025,3,4,2,4,4,2,3,4,3,3
3156,Danielle Ross,Physics,Term 1,2025,3,2,4,3,3,4,2,3,3,4
3157,Danielle Ross,Physics,Term 1,2025,2,4,3,3,3,4,3,3,3,2
3158,Danielle Ross,Physics,Term 1,2025,5,2,3,3,3,4,3,2,4,3
3159,Danielle Ross,Physics,Term 1,2025,3,2,4,4,3,3,3,4,3,3
3160,Danielle Ross,Physics,Term 1,2025,4,3,3,5,2,3,3,2,4,3
3161,Danielle Ross,Physics,Term 1,2025,4,3,4,3,3,4,3,4,3,4
3162,Danielle Ross,Physics,Term 1,2025,3,2,5,4,4,2,3,3,3,3
3163,Danielle Ross,Physics,Term 1,2025,3,3,4,2,4,3,4,4,4,3
3164,Danielle Ross,Physics,Term 1,2025,5,1,3,4,3,3,1,2,2,4
3165,Danielle Ross,Physics,Term 1,2025,3,3,3,4,3,4,5,1,2,3
3166,Danielle Ross,Physics,Term 1,2025,5,3,3,3,4,3,4,2,4,3
3167,Danielle Ross,Physics,Term 1,2025,3,3,4,2,3,3,4,3,3,3
3168,Danielle Ross,Physics,Term 1,2025,2,3,5,2,3,2,3,2,4,4
3169,Danielle Ross,Physics,Term 2,2025,1,5,3,4,3,3,3,3,3,4
3170,Danielle Ross,Physics,Term 2,2025,2,4,3,3,3,3,2,3,5,2
3171,Danielle Ross,Physics,Term 2,2025,3,3,4,2,3,3,2,5,4,4
3172,Danielle Ross,Physics,Term 2,2025,4,2,4,3,2,4,1,4,3,5
3173,Danielle Ross,Physics,Term 2,2025,2,3,3,4,4,3,3,4,4,3
3174,Danielle Ross,Physics,Term 2,2025,3,5,3,3,3,3,5,2,3,3
3175,Danielle Ross,Physics,Term 2,2025,4,2,4,4,3,3,3,3,3,4
3176,Danielle Ross,Physics,Term 2,2025,3,2,2,3,4,2,2,3,3,3
3177,Danielle Ross,Physics,Term 2,2025,3,3,2,3,3,4,4,3,2,3
3178,Danielle Ross,Physics,Term 2,2025,3,1,4,4,3,4,3,3,4,4
3179,Danielle Ross,Physics,Term 2,2025,3,2,4,4,4,4,2,2,4,3
3180,Danielle Ross,Physics,Term 2,2025,4,2,4,4,2,4,2,3,3,4
3181,Danielle Ross,Physics,Term 2,2025,3,5,4,3,3,4,2,2,3,3
3182,Danielle Ross,Physics,Term 2,2025,2,4,2,4,4,3,3,2,4,1
3183,Danielle Ross,Physics,Term 2,2025,3,3,3,3,2,3,3,4,3,3
3184,Danielle Ross,Physics,Term 2,2025,4,2,1,3,3,3,2,3,3,3
3185,Danielle Ross,Physics,Term 2,2025,4,4,4,2,5,3,4,4,2,2
3186,Danielle Ross,Physics,Term 2,2025,4,4,3,3,3,2,4,2,4,3
3187,Danielle Ross,Physics,Term 2,2025,3,3,3,4,3,3,2,3,3,3
3188,Danielle Ross,Physics,Term 2,2025,3,3,3,3,3,4,5,4,4,4
3189,Danielle Ross,Physics,Term 2,2025,4,3,3,3,3,3,2,3,3,2
3190,Danielle Ross,Physics,Term 2,2025,4,2,3,3,2,3,3,3,3,3
3191,Danielle Ross,Physics,Term 2,2025,5,3,3,3,2,3,3,4,3,3
3192,Danielle Ross,Physics,Term 2,2025,2,4,4,3,4,4,4,3,3,2
3193,Danielle Ross,Physics,Term 2,2025,3,3,3,3,3,3,4,4,4,3
3194,Danielle Ross,Physics,Term 2,2025,2,2,4,3,2,2,1,3,4,4
3195,Danielle Ross,Physics,Term 3,2025,3,4,4,2,4,3,2,3,3,3
3196,Danielle Ross,Physics,Term 3,2025,3,3,3,3,4,3,3,1,3,4
3197,Danielle Ross,Physics,Term 3,2025,3,1,3,3,4,4,4,3,3,3
3198,Danielle Ross,Physics,Term 3,2025,3,2,3,3,3,3,3,2,2,4
3199,Danielle Ross,Physics,Term 3,2025,3,3,2,4,4,2,2,3,2,5
3200,Danielle Ross,Physics,Term 3,2025,2,4,4,5,2,4,2,3,1,3
3201,Danielle Ross,Physics,Term 3,2025,2,1,2,3,3,3,3,4,2,3
3202,Danielle Ross,Physics,Term 3,2025,3,2,3,4,3,4,3,3,2,4
3203,Danielle Ross,Physics,Term 3,2025,3,3,3,5,4,3,3,3,4,3
3204,Danielle Ross,Physics,Term 3,2025,4,3,4,3,2,5,3,3,3,2
3205,Danielle Ross,Physics,Term 3,2025,3,2,4,2,3,3,2,3,2,2
3206,Danielle Ross,Physics,Term 3,2025,2,4,4,2,3,3,4,4,4,3
3207,Danielle Ross,Physics,Term 3,2025,5,2,3,3,2,3,2,4,2,2
3208,Danielle Ross,Physics,Term 3,2025,3,2,1,3,2,3,3,4,3,3
3209,Danielle Ross,Physics,Term 3,2025,3,3,3,2,2,2,2,3,3,3
3210,Danielle Ross,Physics,Term 3,2025,3,3,3,3,3,4,3,2,4,3
3211,Danielle Ross,Physics,Term 3,2025,3,4,3,1,3,3,3,3,3,2
3212,Danielle Ross,Physics,Term 3,2025,3,3,3,1,2,3,4,3,4,4
3213,Danielle Ross,Physics,Term 3,2025,3,3,3,3,3,4,4,2,3,2
3214,Danielle Ross,Physics,Term 3,2025,3,2,5,3,3,3,3,3,4,3
3215,Danielle Ross,Physics,Term 3,2025,3,2,2,3,5,4,3,4,3,4
3216,Terry Ellis,Physics,Term 1,2023,5,4,3,4,4,5,4,4,5,4
3217,Terry Ellis,Physics,Term 1,2023,4,4,4,4,4,3,5,3,5,3
3218,Terry Ellis,Physics,Term 1,2023,4,2,4,4,4,3,5,2,4,3
3219,Terry Ellis,Physics,Term 1,2023,5,3,4,4,4,4,5,3,5,3
3220,Terry Ellis,Physics,Term 1,2023,2,4,3,3,5,3,3,4,3,3
3221,Terry Ellis,Physics,Term 1,2023,4,3,4,4,3,4,5,3,5,5
3222,Terry Ellis,Physics,Term 1,2023,5,4,4,4,4,3,4,5,3,4
3223,Terry Ellis,Physics,Term 1,2023,4,4,3,4,4,4,3,3,4,5
3224,Terry Ellis,Physics,Term 1,2023,3,4,4,5,4,5,4,4,4,5
3225,Terry Ellis,Physics,Term 1,2023,5,4,4,4,4,3,3,4,5,5
3226,Terry Ellis,Physics,Term 1,2023,4,4,5,5,4,5,2,4,4,3
3227,Terry Ellis,Physics,Term 1,2023,4,5,4,4,5,4,4,4,3,5
3228,Terry Ellis,Physics,Term 1,2023,4,4,4,4,5,3,2,5,4,2
3229,Terry Ellis,Physics,Term 1,2023,3,4,4,4,4,3,3,5,5,4
3230,Terry Ellis,Physics,Term 1,2023,2,4,3,4,4,5,4,2,3,5
3231,Terry Ellis,Physics,Term 1,2023,3,4,3,5,4,5,2,4,3,5
3232,Terry Ellis,Physics,Term 1,2023,5,3,4,3,3,4,4,5,5,3
3233,Terry Ellis,Physics,Term 1,2023,4,3,4,3,4,3,4,4,3,5
3234,Terry Ellis,Physics,Term 1,2023,5,3,2,4,4,3,3,4,4,5
3235,Terry Ellis,Physics,Term 1,2023,4,3,5,4,3,3,4,3,3,5
3236,Terry Ellis,Physics,Term 1,2023,3,5,3,4,5,3,3,5,5,4
3237,Terry Ellis,Physics,Term 1,2023,4,4,3,2,4,2,3,4,3,4
3238,Terry Ellis,Physics,Term 1,2023,4,4,4,4,5,4,5,4,4,5
3239,Terry Ellis,Physics,Term 1,2023,4,4,4,5,3,4,2,4,2,3
3240,Terry Ellis,Physics,Term 1,2023,2,5,3,3,4,3,3,4,3,5
3241,Terry Ellis,Physics,Term 1,2023,4,4,5,5,4,4,4,4,4,4
3242,Terry Ellis,Physics,Term 1,2023,4,4,5,3,4,4,5,4,4,4
3243,Terry Ellis,Physics,Term 1,2023,5,4,5,4,4,3,3,3,4,4
3244,Terry Ellis,Physics,Term 1,2023,4,4,5,3,5,2,4,4,4,5
3245,Terry Ellis,Physics,Term 1,2023,5,5,2,3,4,4,5,3,4,3
3246,Terry Ellis,Physics,Term 1,2023,4,5,5,3,3,2,5,5,3,3
3247,Terry Ellis,Physics,Term 1,2023,5,4,5,4,4,3,4,2,5,4
3248,Terry Ellis,Physics,Term 1,2023,4,4,3,3,4,4,4,3,5,3
3249,Terry Ellis,Physics,Term 1,2023,3,3,5,5,3,3,2,4,4,3
3250,Terry Ellis,Physics,Term 1,2023,5,5,4,4,4,4,3,3,4,5
3251,Terry Ellis,Physics,Term 1,2023,4,5,5,4,4,4,4,4,4,5
3252,Terry Ellis,Physics,Term 1,2023,4,5,4,3,3,4,3,4,3,3
3253,Terry Ellis,Physics,Term 1,2023,4,3,4,4,3,4,3,4,4,3
3254,Terry Ellis,Physics,Term 2,2023,5,4,4,5,4,5,4,5,5,3
3255,Terry Ellis,Physics,Term 2,2023,4,5,5,4,3,4,3,3,5,4
3256,Terry Ellis,Physics,Term 2,2023,4,3,4,3,5,3,4,5,4,5
3257,Terry Ellis,Physics,Term 2,2023,4,5,4,5,4,2,3,4,3,4
3258,Terry Ellis,Physics,Term 2,2023,5,5,3,4,4,4,4,4,3,5
3259,Terry Ellis,Physics,Term 2,2023,4,4,4,5,3,3,2,4,4,4
3260,Terry Ellis,Physics,Term 2,2023,3,3,5,4,4,5,5,4,4,3
3261,Terry Ellis,Physics,Term 2,2023,4,4,5,3,5,5,4,5,3,3
3262,Terry Ellis,Physics,Term 2,2023,3,4,4,3,4,4,3,4,3,4
3263,Terry Ellis,Physics,Term 2,2023,4,4,4,2,3,3,4,4,5,4
3264,Terry Ellis,Physics,Term 2,2023,3,4,4,4,4,4,4,4,3,3
3265,Terry Ellis,Physics,Term 2,2023,4,4,5,3,5,4,5,3,4,3
3266,Terry Ellis,Physics,Term 2,2023,4,4,4,5,3,2,4,4,4,4
3267,Terry Ellis,Physics,Term 2,2023,3,2,5,5,5,5,4,4,3,4
3268,Terry Ellis,Physics,Term 2,2023,4,5,2,5,4,4,4,4,3,4
3269,Terry Ellis,Physics,Term 2,2023,4,4,4,4,3,3,4,3,5,5
3270,Terry Ellis,Physics,Term 2,2023,4,3,4,4,3,4,4,4,5,5
3271,Terry Ellis,Physics,Term 2,2023,3,5,3,3,3,4,3,3,4,3
3272,Terry Ellis,Physics,Term 2,2023,3,3,4,5,4,4,4,2,3,4
3273,Terry Ellis,Physics,Term 2,2023,4,4,4,4,3,3,4,5,4,4
3274,Terry Ellis,Physics,Term 3,2023,5,3,3,5,3,3,3,5,4,4
3275,Terry Ellis,Physics,Term 3,2023,3,4,4,5,3,5,5,4,3,3
3276,Terry Ellis,Physics,Term 3,2023,3,4,4,5,4,4,3,4,4,3
3277,Terry Ellis,Physics,Term 3,2023,3,3,4,4,4,5,3,5,3,2
3278,Terry Ellis,Physics,Term 3,2023,5,2,5,4,5,3,4,4,5,4
3279,Terry Ellis,Physics,Term 3,2023,4,4,4,4,3,4,3,4,4,2
3280,Terry Ellis,Physics,Term 3,2023,5,3,4,5,4,5,4,3,5,3
3281,Terry Ellis,Physics,Term 3,2023,4,5,4,4,4,5,5,5,4,3
3282,Terry Ellis,Physics,Term 3,2023,3,4,4,2,3,4,3,4,4,4
3283,Terry Ellis,Physics,Term 3,2023,5,3,4,5,4,3,5,4,5,3
3284,Terry Ellis,Physics,Term 3,2023,4,4,4,4,5,4,3,3,4,3
3285,Terry Ellis,Physics,Term 3,2023,4,3,4,3,4,3,4,4,4,4
3286,Terry Ellis,Physics,Term 3,2023,3,3,3,3,4,5,4,5,5,3
3287,Terry Ellis,Physics,Term 3,2023,4,5,4,3,5,4,4,5,4,4
3288,Terry Ellis,Physics,Term 3,2023,4,4,3,3,5,5,4,5,3,4
3289,Terry Ellis,Physics,Term 3,2023,2,4,5,3,4,5,3,4,2,5
3290,Terry Ellis,Physics,Term 3,2023,4,4,4,2,3,4,3,3,4,3
3291,Terry Ellis,Physics,Term 3,2023,4,3,4,4,3,4,3,4,4,3
3292,Terry Ellis,Physics,Term 3,2023,4,4,4,3,4,3,4,5,3,3
3293,Terry Ellis,Physics,Term 3,2023,3,4,4,3,5,5,5,5,5,3
3294,Terry Ellis,Physics,Term 3,2023,3,3,4,4,4,4,5,4,4,4
3295,Terry Ellis,Physics,Term 3,2023,5,4,4,4,4,4,4,4,4,5
3296,Terry Ellis,Physics,Term 3,2023,3,4,4,3,4,3,4,4,4,4
3297,Terry Ellis,Physics,Term 3,2023,4,3,3,3,3,2,5,5,2,4
3298,Terry Ellis,Physics,Term 3,2023,3,3,4,3,5,5,3,5,4,4
3299,Terry Ellis,Physics,Term 3,2023,3,2,4,4,4,4,4,4,4,4
3300,Terry Ellis,Physics,Term 3,2023,4,5,4,3,5,5,4,5,3,4
3301,Terry Ellis,Physics,Term 3,2023,5,4,4,4,5,3,5,5,5,3
3302,Terry Ellis,Physics,Term 3,2023,5,4,4,4,4,4,4,4,2,3
3303,Terry Ellis,Physics,Term 3,2023,4,2,4,4,4,4,3,3,4,4
3304,Terry Ellis,Physics,Term 3,2023,3,5,5,2,5,4,5,5,4,4
3305,Terry Ellis,Physics,Term 3,2023,4,5,4,4,4,3,4,5,4,5
3306,Terry Ellis,Physics,Term 1,2024,5,4,4,4,4,4,5,5,4,4
3307,Terry Ellis,Physics,Term 1,2024,4,4,4,5,4,2,3,5,4,4
3308,Terry Ellis,Physics,Term 1,2024,3,3,3,4,3,4,4,3,5,5
3309,Terry Ellis,Physics,Term 1,2024,4,5,4,4,4,4,5,3,5,5
3310,Terry Ellis,Physics,Term 1,2024,4,3,5,4,4,4,4,4,4,4
3311,Terry Ellis,Physics,Term 1,2024,4,3,3,4,4,4,5,2,4,4
3312,Terry Ellis,Physics,Term 1,2024,4,4,4,4,4,3,3,4,3,3
3313,Terry Ellis,Physics,Term 1,2024,4,3,5,3,4,3,3,4,3,4
3314,Terry Ellis,Physics,Term 1,2024,5,3,3,5,3,4,3,4,4,3
3315,Terry Ellis,Physics,Term 1,2024,3,3,3,3,1,3,3,4,3,4
3316,Terry Ellis,Physics,Term 1,2024,3,4,5,4,4,3,5,3,4,4
3317,Terry Ellis,Physics,Term 1,2024,4,4,3,4,3,3,5,5,4,4
3318,Terry Ellis,Physics,Term 1,2024,3,3,4,4,2,4,2,3,3,4
3319,Terry Ellis,Physics,Term 1,2024,4,4,3,4,5,4,4,2,4,5
3320,Terry Ellis,Physics,Term 1,2024,4,4,3,4,5,4,5,3,4,4
3321,Terry Ellis,Physics,Term 1,2024,3,4,4,3,3,4,4,4,5,4
3322,Terry Ellis,Physics,Term 1,2024,3,5,5,4,4,2,4,4,4,3
3323,Terry Ellis,Physics,Term 1,2024,4,2,2,5,2,2,3,4,2,3
3324,Terry Ellis,Physics,Term 1,2024,3,3,5,4,4,3,4,4,4,4
3325,Terry Ellis,Physics,Term 1,2024,4,4,4,3,3,3,5,5,4,4
3326,Terry Ellis,Physics,Term 1,2024,4,4,4,4,3,4,4,3,4,4
3327,Terry Ellis,Physics,Term 1,2024,4,5,4,4,3,5,4,4,4,4
3328,Terry Ellis,Physics,Term 1,2024,5,4,4,4,4,4,5,4,3,4
3329,Terry Ellis,Physics,Term 1,2024,4,4,4,4,4,4,3,4,5,5
3330,Terry Ellis,Physics,Term 1,2024,4,4,2,4,3,3,3,4,3,3
3331,Terry Ellis,Physics,Term 2,2024,4,5,4,3,5,4,4,3,5,5
3332,Terry Ellis,Physics,Term 2,2024,5,3,4,4,3,3,3,5,5,3
3333,Terry Ellis,Physics,Term 2,2024,1,4,5,4,3,4,2,5,4,4
3334,Terry Ellis,Physics,Term 2,2024,4,3,4,5,3,5,4,3,4,5
3335,Terry Ellis,Physics,Term 2,2024,3,5,4,4,5,4,3,3,4,5
3336,Terry Ellis,Physics,Term 2,2024,4,5,5,3,2,4,4,4,4,3
3337,Terry Ellis,Physics,Term 2,2024,5,3,5,3,4,4,4,3,3,3
3338,Terry Ellis,Physics,Term 2,2024,3,3,5,5,4,4,4,4,3,4
3339,Terry Ellis,Physics,Term 2,2024,2,4,5,4,4,4,3,3,3,5
3340,Terry Ellis,Physics,Term 2,2024,3,3,4,4,3,4,4,3,5,4
3341,Terry Ellis,Physics,Term 2,2024,3,3,3,4,4,4,3,5,5,4
3342,Terry Ellis,Physics,Term 2,2024,3,4,2,4,3,4,3,5,5,3
3343,Terry Ellis,Physics,Term 2,2024,3,4,4,4,4,2,4,4,4,5
3344,Terry Ellis,Physics,Term 2,2024,5,4,4,4,3,5,4,4,2,4
3345,Terry Ellis,Physics,Term 2,2024,5,4,3,5,3,3,3,5,2,4
3346,Terry Ellis,Physics,Term 2,2024,4,4,5,4,4,3,4,4,4,5
3347,Terry Ellis,Physics,Term 2,2024,4,3,3,5,5,3,3,3,4,4
3348,Terry Ellis,Physics,Term 2,2024,3,4,4,3,5,3,4,4,4,5
3349,Terry Ellis,Physics,Term 2,2024,5,2,4,3,3,3,3,4,4,4
3350,Terry Ellis,Physics,Term 2,2024,4,4,3,2,5,5,4,4,4,4
3351,Terry Ellis,Physics,Term 2,2024,5,3,3,4,4,4,4,5,3,5
3352,Terry Ellis,Physics,Term 3,2024,3,3,3,5,3,3,5,2,4,4
3353,Terry Ellis,Physics,Term 3,2024,4,5,4,4,3,5,3,5,4,4
3354,Terry Ellis,Physics,Term 3,2024,3,3,3,4,3,4,4,2,4,3
3355,Terry Ellis,Physics,Term 3,2024,5,5,4,5,4,3,4,4,5,2
3356,Terry Ellis,Physics,Term 3,2024,4,5,4,4,4,4,4,4,4,3
3357,Terry Ellis,Physics,Term 3,2024,3,4,4,5,3,3,5,4,4,4
3358,Terry Ellis,Physics,Term 3,2024,3,5,4,4,4,3,5,3,4,5
3359,Terry Ellis,Physics,Term 3,2024,4,4,4,5,3,4,4,4,3,4
3360,Terry Ellis,Physics,Term 3,2024,3,4,4,4,3,5,4,4,3,4
3361,Terry Ellis,Physics,Term 3,2024,4,4,4,3,4,4,5,5,4,5
3362,Terry Ellis,Physics,Term 3,2024,4,4,5,3,4,3,3,5,4,5
3363,Terry Ellis,Physics,Term 3,2024,5,4,4,5,4,2,5,5,4,4
3364,Terry Ellis,Physics,Term 3,2024,4,4,4,5,5,3,4,3,5,4
3365,Terry Ellis,Physics,Term 3,2024,4,5,3,4,3,4,4,2,4,3
3366,Terry Ellis,Physics,Term 3,2024,4,4,3,4,4,3,5,5,4,3
3367,Terry Ellis,Physics,Term 3,2024,3,4,4,3,4,4,4,4,3,4
3368,Terry Ellis,Physics,Term 3,2024,5,5,4,2,4,4,4,3,3,3
3369,Terry Ellis,Physics,Term 3,2024,4,4,3,5,5,2,4,5,4,3
3370,Terry Ellis,Physics,Term 3,2024,3,5,3,5,4,3,5,5,4,5
3371,Terry Ellis,Physics,Term 3,2024,5,4,4,3,4,3,5,3,4,4
3372,Terry Ellis,Physics,Term 3,2024,5,5,4,4,5,5,3,4,4,4
3373,Terry Ellis,Physics,Term 3,2024,4,3,4,3,4,4,3,3,5,3
3374,Terry Ellis,Physics,Term 3,2024,3,4,5,4,3,5,5,4,5,3
3375,Terry Ellis,Physics,Term 3,2024,5,5,4,5,5,4,2,4,3,4
3376,Terry Ellis,Physics,Term 3,2024,4,4,3,4,4,5,4,4,4,4
3377,Terry Ellis,Physics,Term 3,2024,4,4,4,4,4,3,3,3,5,5
3378,Terry Ellis,Physics,Term 3,2024,5,2,4,5,4,4,4,4,4,3
3379,Terry Ellis,Physics,Term 3,2024,4,2,4,4,3,3,3,5,5,4
3380,Terry Ellis,Physics,Term 3,2024,5,5,5,4,4,5,3,4,4,4
3381,Terry Ellis,Physics,Term 3,2024,5,5,3,3,4,5,3,3,4,2
3382,Terry Ellis,Physics,Term 3,2024,4,5,4,3,4,3,3,4,3,5
3383,Terry Ellis,Physics,Term 3,2024,5,4,4,4,3,4,4,3,3,4
3384,Terry Ellis,Physics,Term 1,2025,4,3,4,4,4,2,4,4,4,4
3385,Terry Ellis,Physics,Term 1,2025,5,3,4,5,4,4,5,3,4,3
3386,Terry Ellis,Physics,Term 1,2025,4,4,1,5,4,5,3,4,5,4
3387,Terry Ellis,Physics,Term 1,2025,4,2,4,5,4,4,3,4,2,5
3388,Terry Ellis,Physics,Term 1,2025,4,4,5,5,5,5,5,4,4,3
3389,Terry Ellis,Physics,Term 1,2025,3,3,4,4,3,3,4,4,3,4
3390,Terry Ellis,Physics,Term 1,2025,4,3,3,4,3,4,3,4,4,4
3391,Terry Ellis,Physics,Term 1,2025,2,2,4,3,3,5,4,3,4,4
3392,Terry Ellis,Physics,Term 1,2025,4,5,4,2,5,3,4,3,4,3
3393,Terry Ellis,Physics,Term 1,2025,4,3,5,4,5,4,4,4,5,5
3394,Terry Ellis,Physics,Term 1,2025,3,3,4,3,3,4,4,4,4,4
3395,Terry Ellis,Physics,Term 1,2025,5,4,4,4,5,4,5,4,4,5
3396,Terry Ellis,Physics,Term 1,2025,4,3,3,5,4,4,3,3,3,4
3397,Terry Ellis,Physics,Term 1,2025,5,4,4,4,3,3,3,4,3,4
3398,Terry Ellis,Physics,Term 1,2025,5,5,4,3,4,2,4,3,4,5
3399,Terry Ellis,Physics,Term 1,2025,5,5,4,4,4,4,3,4,4,4
3400,Terry Ellis,Physics,Term 1,2025,3,5,4,4,3,3,4,5,4,5
3401,Terry Ellis,Physics,Term 1,2025,3,5,4,5,3,3,3,4,4,4
3402,Terry Ellis,Physics,Term 1,2025,3,5,4,3,3,3,3,4,4,4
3403,Terry Ellis,Physics,Term 1,2025,4,4,3,4,4,3,4,5,5,4
3404,Terry Ellis,Physics,Term 1,2025,5,4,4,4,5,4,3,3,5,4
3405,Terry Ellis,Physics,Term 1,2025,4,3,5,4,4,4,4,4,3,4
3406,Terry Ellis,Physics,Term 1,2025,5,4,3,4,5,4,2,4,2,5
3407,Terry Ellis,Physics,Term 1,2025,4,4,4,3,5,3,3,5,5,4
3408,Terry Ellis,Physics,Term 1,2025,5,3,3,4,3,5,4,3,3,3
3409,Terry Ellis,Physics,Term 1,2025,4,3,4,4,4,3,3,5,3,5
3410,Terry Ellis,Physics,Term 1,2025,3,5,5,3,4,4,5,3,4,3
3411,Terry Ellis,Physics,Term 2,2025,5,5,4,5,3,4,4,4,4,3
3412,Terry Ellis,Physics,Term 2,2025,5,3,4,5,5,5,3,5,4,3
3413,Terry Ellis,Physics,Term 2,2025,3,2,2,3,2,4,3,4,5,4
3414,Terry Ellis,Physics,Term 2,2025,3,3,4,5,2,5,5,5,3,4
3415,Terry Ellis,Physics,Term 2,2025,3,3,4,4,4,3,3,3,4,5
3416,Terry Ellis,Physics,Term 2,2025,3,5,4,3,5,2,2,3,4,4
3417,Terry Ellis,Physics,Term 2,2025,4,4,3,5,4,2,4,3,3,4
3418,Terry Ellis,Physics,Term 2,2025,4,4,4,3,5,4,3,4,4,3
3419,Terry Ellis,Physics,Term 2,2025,3,2,5,4,4,5,5,5,4,4
3420,Terry Ellis,Physics,Term 2,2025,5,4,2,4,4,3,4,2,2,4
3421,Terry Ellis,Physics,Term 2,2025,4,4,4,4,4,4,1,4,4,3
3422,Terry Ellis,Physics,Term 2,2025,2,4,3,3,4,4,5,5,4,5
3423,Terry Ellis,Physics,Term 2,2025,3,2,3,2,4,5,3,2,4,4
3424,Terry Ellis,Physics,Term 2,2025,3,5,3,4,4,4,4,4,3,4
3425,Terry Ellis,Physics,Term 2,2025,4,3,3,4,3,3,4,4,2,4
3426,Terry Ellis,Physics,Term 2,2025,5,3,5,4,3,3,4,3,3,5
3427,Terry Ellis,Physics,Term 2,2025,5,3,4,4,4,4,5,5,4,4
3428,Terry Ellis,Physics,Term 2,2025,4,4,4,4,4,5,4,5,3,3
3429,Terry Ellis,Physics,Term 2,2025,3,4,4,3,5,4,4,4,4,4
3430,Terry Ellis,Physics,Term 2,2025,3,4,4,4,3,4,2,5,5,3
3431,Terry Ellis,Physics,Term 2,2025,5,4,3,2,3,5,4,5,5,5
3432,Terry Ellis,Physics,Term 3,2025,3,4,3,4,3,4,3,4,2,4
3433,Terry Ellis,Physics,Term 3,2025,3,3,4,2,3,3,4,3,4,3
3434,Terry Ellis,Physics,Term 3,2025,3,4,4,4,5,5,4,3,4,4
3435,Terry Ellis,Physics,Term 3,2025,4,5,3,5,4,4,2,5,5,3
3436,Terry Ellis,Physics,Term 3,2025,4,4,5,4,3,4,4,5,4,4
3437,Terry Ellis,Physics,Term 3,2025,3,4,4,3,4,3,5,5,3,5
3438,Terry Ellis,Physics,Term 3,2025,4,4,4,4,3,5,5,4,3,4
3439,Terry Ellis,Physics,Term 3,2025,4,3,4,4,4,3,4,4,4,4
3440,Terry Ellis,Physics,Term 3,2025,4,2,4,5,4,5,3,4,3,5
3441,Terry Ellis,Physics,Term 3,2025,3,4,4,3,3,5,5,4,4,5
3442,Terry Ellis,Physics,Term 3,2025,3,3,3,4,4,3,4,4,4,4
3443,Terry Ellis,Physics,Term 3,2025,4,3,3,4,2,4,4,3,4,5
3444,Terry Ellis,Physics,Term 3,2025,5,4,3,3,4,2,5,3,5,3
3445,Terry Ellis,Physics,Term 3,2025,5,4,4,4,4,4,2,4,4,3
3446,Terry Ellis,Physics,Term 3,2025,4,5,3,5,4,4,3,5,4,3
3447,Terry Ellis,Physics,Term 3,2025,5,4,4,5,4,4,4,3,4,3
3448,Terry Ellis,Physics,Term 3,2025,5,3,5,4,4,5,5,4,4,4
3449,Terry Ellis,Physics,Term 3,2025,4,4,4,4,3,5,3,3,4,4
3450,Jennifer Dixon,History,Term 1,2023,3,3,4,4,4,4,4,3,5,3
3451,Jennifer Dixon,History,Term 1,2023,4,5,4,4,3,5,3,3,4,3
3452,Jennifer Dixon,History,Term 1,2023,3,3,5,4,2,4,4,3,3,4
3453,Jennifer Dixon,History,Term 1,2023,2,3,2,3,3,4,4,3,3,5
3454,Jennifer Dixon,History,Term 1,2023,4,3,3,5,4,4,3,4,3,5
3455,Jennifer Dixon,History,Term 1,2023,4,4,3,5,3,4,5,4,4,2
3456,Jennifer Dixon,History,Term 1,2023,4,2,3,4,3,4,2,3,3,3
3457,Jennifer Dixon,History,Term 1,2023,5,3,3,5,3,4,4,4,3,4
3458,Jennifer Dixon,History,Term 1,2023,4,4,4,5,1,4,5,4,3,4
3459,Jennifer Dixon,History,Term 1,2023,5,2,3,4,4,4,5,4,4,3
3460,Jennifer Dixon,History,Term 1,2023,3,4,4,4,4,3,3,4,2,2
3461,Jennifer Dixon,History,Term 1,2023,5,3,4,4,4,3,4,3,3,3
3462,Jennifer Dixon,History,Term 1,2023,3,3,3,4,4,3,3,3,4,4
3463,Jennifer Dixon,History,Term 1,2023,3,5,4,4,4,4,4,2,5,3
3464,Jennifer Dixon,History,Term 1,2023,5,2,3,3,4,4,4,5,5,4
3465,Jennifer Dixon,History,Term 2,2023,3,3,3,4,3,3,3,4,3,3
3466,Jennifer Dixon,History,Term 2,2023,3,4,4,4,4,3,2,4,2,4
3467,Jennifer Dixon,History,Term 2,2023,5,3,3,4,2,3,5,3,2,4
3468,Jennifer Dixon,History,Term 2,2023,3,5,3,4,5,4,4,3,4,5
3469,Jennifer Dixon,History,Term 2,2023,2,2,2,5,3,4,5,5,3,4
3470,Jennifer Dixon,History,Term 2,2023,4,4,3,5,4,5,3,4,4,3
3471,Jennifer Dixon,History,Term 2,2023,3,4,2,3,4,3,3,3,3,3
3472,Jennifer Dixon,History,Term 2,2023,1,4,5,3,3,4,5,2,3,4
3473,Jennifer Dixon,History,Term 2,2023,4,2,3,4,4,3,3,3,4,2
3474,Jennifer Dixon,History,Term 2,2023,2,4,4,3,4,4,3,3,3,3
3475,Jennifer Dixon,History,Term 2,2023,4,4,2,3,4,3,5,3,4,4
3476,Jennifer Dixon,History,Term 2,2023,3,5,3,2,2,3,4,3,5,4
3477,Jennifer Dixon,History,Term 2,2023,4,4,4,3,4,3,5,3,2,3
3478,Jennifer Dixon,History,Term 2,2023,3,4,4,4,3,4,2,3,5,5
3479,Jennifer Dixon,History,Term 2,2023,3,3,3,2,4,3,3,2,4,2
3480,Jennifer Dixon,History,Term 2,2023,4,4,3,4,2,4,4,4,4,4
3481,Jennifer Dixon,History,Term 2,2023,3,4,4,4,3,3,4,1,4,3
3482,Jennifer Dixon,History,Term 2,2023,4,3,4,4,4,3,3,3,2,4
3483,Jennifer Dixon,History,Term 2,2023,4,3,3,4,3,4,3,3,5,4
3484,Jennifer Dixon,History,Term 2,2023,3,3,3,3,3,4,5,5,5,3
3485,Jennifer Dixon,History,Term 2,2023,4,4,3,4,4,4,4,4,4,3
3486,Jennifer Dixon,History,Term 2,2023,3,1,4,3,3,4,4,4,4,3
3487,Jennifer Dixon,History,Term 2,2023,3,4,3,4,4,3,4,3,3,3
3488,Jennifer Dixon,History,Term 2,2023,2,5,3,3,3,3,5,4,2,4
3489,Jennifer Dixon,History,Term 2,2023,2,4,5,3,3,3,3,2,4,4
3490,Jennifer Dixon,History,Term 3,2023,3,4,3,3,4,3,2,5,5,4
3491,Jennifer Dixon,History,Term 3,2023,3,5,3,2,3,5,3,3,3,3
3492,Jennifer Dixon,History,Term 3,2023,4,5,5,4,4,3,3,3,3,5
3493,Jennifer Dixon,History,Term 3,2023,3,5,4,4,5,3,4,3,2,2
3494,Jennifer Dixon,History,Term 3,2023,4,3,3,5,3,4,3,5,3,2
3495,Jennifer Dixon,History,Term 3,2023,2,4,5,4,4,3,5,4,3,3
3496,Jennifer Dixon,History,Term 3,2023,4,2,3,3,4,4,5,3,3,4
3497,Jennifer Dixon,History,Term 3,2023,4,3,4,5,4,4,3,3,5,5
3498,Jennifer Dixon,History,Term 3,2023,3,4,3,4,4,4,4,3,2,3
3499,Jennifer Dixon,History,Term 3,2023,4,3,3,2,4,4,4,4,4,4
3500,Jennifer Dixon,History,Term 3,2023,3,4,3,2,4,3,4,4,3,4
3501,Jennifer Dixon,History,Term 3,2023,3,2,4,3,3,3,3,3,3,3
3502,Jennifer Dixon,History,Term 3,2023,4,4,4,4,2,4,2,3,2,4
3503,Jennifer Dixon,History,Term 3,2023,5,3,3,3,3,4,2,4,2,1
3504,Jennifer Dixon,History,Term 3,2023,3,3,4,4,5,3,4,4,4,1
3505,Jennifer Dixon,History,Term 3,2023,3,3,5,4,3,3,3,3,4,4
3506,Jennifer Dixon,History,Term 3,2023,3,2,3,3,4,5,3,4,4,2
3507,Jennifer Dixon,History,Term 3,2023,3,3,4,3,3,3,4,3,3,3
3508,Jennifer Dixon,History,Term 3,2023,3,3,4,2,4,2,3,4,5,4
3509,Jennifer Dixon,History,Term 3,2023,2,3,5,5,3,5,3,4,2,2
3510,Jennifer Dixon,History,Term 3,2023,3,4,3,3,2,3,2,3,2,3
3511,Jennifer Dixon,History,Term 3,2023,4,4,4,3,3,3,4,4,3,5
3512,Jennifer Dixon,History,Term 3,2023,3,3,3,3,3,1,4,4,5,3
3513,Jennifer Dixon,History,Term 3,2023,2,4,2,4,4,2,4,3,3,4
3514,Jennifer Dixon,History,Term 3,2023,3,2,5,4,4,5,4,4,4,3
3515,Jennifer Dixon,History,Term 3,2023,3,4,4,3,2,4,5,4,3,5
3516,Jennifer Dixon,History,Term 3,2023,4,3,4,3,2,4,4,5,3,4
3517,Jennifer Dixon,History,Term 3,2023,4,5,3,3,3,4,4,5,3,3
3518,Jennifer Dixon,History,Term 3,2023,2,3,3,5,4,2,3,4,4,4
3519,Jennifer Dixon,History,Term 3,2023,4,4,3,2,3,3,4,2,2,4
3520,Jennifer Dixon,History,Term 3,2023,3,3,3,2,3,4,4,4,5,5
3521,Jennifer Dixon,History,Term 3,2023,4,3,4,3,3,3,4,3,5,5
3522,Jennifer Dixon,History,Term 3,2023,2,3,4,3,4,2,3,4,3,3
3523,Jennifer Dixon,History,Term 3,2023,3,5,4,3,3,3,3,4,3,3
3524,Jennifer Dixon,History,Term 3,2023,4,5,4,4,4,4,2,2,4,3
3525,Jennifer Dixon,History,Term 1,2024,3,3,4,5,4,3,4,3,3,2
3526,Jennifer Dixon,History,Term 1,2024,5,4,3,5,4,4,4,4,3,4
3527,Jennifer Dixon,History,Term 1,2024,4,5,4,4,4,3,2,4,3,5
3528,Jennifer Dixon,History,Term 1,2024,2,3,4,4,2,2,3,4,4,5
3529,Jennifer Dixon,History,Term 1,2024,3,3,4,5,3,3,3,3,4,3
3530,Jennifer Dixon,History,Term 1,2024,3,4,4,5,3,4,4,4,3,4
3531,Jennifer Dixon,History,Term 1,2024,4,3,2,3,4,2,1,3,3,2
3532,Jennifer Dixon,History,Term 1,2024,3,4,3,5,4,4,4,2,4,3
3533,Jennifer Dixon,History,Term 1,2024,4,3,3,5,3,3,3,4,5,4
3534,Jennifer Dixon,History,Term 1,2024,4,4,4,3,2,3,3,4,3,3
3535,Jennifer Dixon,History,Term 1,2024,2,4,4,3,3,5,5,4,3,2
3536,Jennifer Dixon,History,Term 1,2024,4,5,5,4,3,3,5,3,3,3
3537,Jennifer Dixon,History,Term 1,2024,2,2,2,4,3,5,3,2,5,5
3538,Jennifer Dixon,History,Term 1,2024,3,4,5,2,4,2,3,4,4,3
3539,Jennifer Dixon,History,Term 1,2024,3,3,2,4,5,5,4,4,4,5
3540,Jennifer Dixon,History,Term 1,2024,3,4,4,3,3,4,4,4,3,4
3541,Jennifer Dixon,History,Term 2,2024,4,3,4,4,4,4,2,3,4,4
3542,Jennifer Dixon,History,Term 2,2024,2,3,4,5,3,3,3,5,5,5
3543,Jennifer Dixon,History,Term 2,2024,3,4,4,4,2,2,4,3,3,3
3544,Jennifer Dixon,History,Term 2,2024,3,3,3,4,4,4,3,4,4,2
3545,Jennifer Dixon,History,Term 2,2024,4,4,3,2,3,4,4,4,3,4
3546,Jennifer Dixon,History,Term 2,2024,3,3,4,2,4,4,2,4,2,4
3547,Jennifer Dixon,History,Term 2,2024,4,4,3,2,4,2,4,5,3,3
3548,Jennifer Dixon,History,Term 2,2024,3,4,3,4,2,3,3,3,3,3
3549,Jennifer Dixon,History,Term 2,2024,4,3,4,3,5,5,4,3,4,3
3550,Jennifer Dixon,History,Term 2,2024,3,4,3,3,4,3,4,3,4,3
3551,Jennifer Dixon,History,Term 2,2024,4,3,3,5,2,3,3,2,3,2
3552,Jennifer Dixon,History,Term 2,2024,4,4,2,3,3,3,3,4,3,4
3553,Jennifer Dixon,History,Term 2,2024,4,3,3,4,4,2,3,3,4,3
3554,Jennifer Dixon,History,Term 2,2024,4,4,3,4,3,4,3,3,4,5
3555,Jennifer Dixon,History,Term 2,2024,3,3,4,3,5,4,4,3,4,3
3556,Jennifer Dixon,History,Term 2,2024,3,5,4,4,2,5,3,3,4,4
3557,Jennifer Dixon,History,Term 2,2024,4,4,4,2,4,4,3,4,4,4
3558,Jennifer Dixon,History,Term 2,2024,3,3,3,4,4,3,2,2,4,4
3559,Jennifer Dixon,History,Term 2,2024,3,3,2,2,5,3,4,4,3,3
3560,Jennifer Dixon,History,Term 2,2024,5,3,4,4,4,4,3,4,3,3
3561,Jennifer Dixon,History,Term 2,2024,3,4,3,5,5,3,3,3,4,3
3562,Jennifer Dixon,History,Term 2,2024,4,2,5,5,2,4,4,4,2,2
3563,Jennifer Dixon,History,Term 2,2024,3,3,3,4,4,3,4,3,4,3
3564,Jennifer Dixon,History,Term 2,2024,4,2,4,3,3,3,5,4,4,4
3565,Jennifer Dixon,History,Term 2,2024,1,2,3,4,4,4,4,5,4,4
3566,Jennifer Dixon,History,Term 3,2024,4,4,1,3,3,4,4,4,3,3
3567,Jennifer Dixon,History,Term 3,2024,2,4,3,3,4,4,4,4,3,3
3568,Jennifer Dixon,History,Term 3,2024,4,3,4,3,3,3,3,4,5,4
3569,Jennifer Dixon,History,Term 3,2024,3,3,3,3,4,5,5,4,4,4
3570,Jennifer Dixon,History,Term 3,2024,4,3,4,3,4,3,3,5,5,4
3571,Jennifer Dixon,History,Term 3,2024,2,3,4,4,3,5,3,4,4,4
3572,Jennifer Dixon,History,Term 3,2024,4,3,3,3,5,3,3,4,5,5
3573,Jennifer Dixon,History,Term 3,2024,3,3,4,3,5,4,3,3,4,4
3574,Jennifer Dixon,History,Term 3,2024,4,3,4,5,4,4,3,3,2,4
3575,Jennifer Dixon,History,Term 3,2024,4,4,4,4,4,3,3,5,4,4
3576,Jennifer Dixon,History,Term 3,2024,5,3,4,5,5,3,3,4,3,4
3577,Jennifer Dixon,History,Term 3,2024,3,3,4,4,5,5,3,3,3,3
3578,Jennifer Dixon,History,Term 3,2024,3,4,3,4,4,3,3,4,4,3
3579,Jennifer Dixon,History,Term 3,2024,3,4,3,3,4,2,3,2,3,3
3580,Jennifer Dixon,History,Term 3,2024,3,4,4,4,2,4,3,3,4,4
3581,Jennifer Dixon,History,Term 3,2024,4,3,4,5,3,3,3,3,4,3
3582,Jennifer Dixon,History,Term 3,2024,5,4,3,3,5,3,3,4,4,3
3583,Jennifer Dixon,History,Term 3,2024,3,3,5,3,3,4,3,4,4,2
3584,Jennifer Dixon,History,Term 3,2024,5,4,4,4,4,2,4,4,5,4
3585,Jennifer Dixon,History,Term 3,2024,5,3,5,3,3,4,3,5,4,4
3586,Jennifer Dixon,History,Term 3,2024,4,4,4,2,5,3,2,3,5,3
3587,Jennifer Dixon,History,Term 3,2024,3,2,3,3,3,4,3,3,5,3
3588,Jennifer Dixon,History,Term 3,2024,4,4,3,3,3,4,3,3,5,4
3589,Jennifer Dixon,History,Term 3,2024,4,3,5,4,4,3,4,2,4,3
3590,Jennifer Dixon,History,Term 3,2024,4,4,4,4,5,4,3,4,3,4
3591,Jennifer Dixon,History,Term 3,2024,5,3,5,3,2,3,5,3,2,3
3592,Jennifer Dixon,History,Term 3,2024,4,4,3,4,4,3,4,3,4,3
3593,Jennifer Dixon,History,Term 3,2024,4,4,3,3,2,4,3,3,3,2
3594,Jennifer Dixon,History,Term 3,2024,3,3,3,4,3,3,5,2,3,4
3595,Jennifer Dixon,History,Term 3,2024,4,3,4,3,5,4,4,5,4,3
3596,Jennifer Dixon,History,Term 3,2024,2,3,4,3,4,3,4,3,3,3
3597,Jennifer Dixon,History,Term 3,2024,4,3,4,3,4,3,2,3,4,4
3598,Jennifer Dixon,History,Term 3,2024,3,4,4,3,3,4,3,3,4,3
3599,Jennifer Dixon,History,Term 3,2024,3,4,4,3,4,4,4,2,3,3
3600,Jennifer Dixon,History,Term 3,2024,5,4,3,3,3,3,3,3,4,4
3601,Jennifer Dixon,History,Term 3,2024,2,4,4,3,3,3,5,4,5,3
3602,Jennifer Dixon,History,Term 3,2024,3,4,3,3,3,5,4,2,3,4
3603,Jennifer Dixon,History,Term 3,2024,3,4,4,2,3,4,4,3,4,3
3604,Jennifer Dixon,History,Term 3,2024,3,3,4,4,3,3,4,3,4,5
3605,Jennifer Dixon,History,Term 3,2024,4,4,4,3,1,3,3,3,3,5
3606,Jennifer Dixon,History,Term 1,2025,4,3,3,3,3,3,3,4,4,3
3607,Jennifer Dixon,History,Term 1,2025,4,3,5,3,4,4,4,5,2,3
3608,Jennifer Dixon,History,Term 1,2025,4,5,4,4,3,4,3,2,4,5
3609,Jennifer Dixon,History,Term 1,2025,4,3,4,3,5,4,5,4,3,3
3610,Jennifer Dixon,History,Term 1,2025,4,3,3,4,4,3,3,4,5,3
3611,Jennifer Dixon,History,Term 1,2025,3,3,3,4,4,3,2,5,5,5
3612,Jennifer Dixon,History,Term 1,2025,4,3,3,5,3,2,4,4,5,3
3613,Jennifer Dixon,History,Term 1,2025,3,3,3,4,3,2,2,2,5,4
3614,Jennifer Dixon,History,Term 1,2025,3,5,5,2,2,3,4,2,2,4
3615,Jennifer Dixon,History,Term 1,2025,4,4,2,3,4,3,4,4,4,4
3616,Jennifer Dixon,History,Term 1,2025,2,3,4,3,5,4,4,3,3,4
3617,Jennifer Dixon,History,Term 1,2025,4,4,4,4,4,3,3,4,3,3
3618,Jennifer Dixon,History,Term 1,2025,3,4,5,3,5,2,3,4,3,4
3619,Jennifer Dixon,History,Term 1,2025,3,3,3,4,4,4,4,4,4,3
3620,Jennifer Dixon,History,Term 1,2025,3,3,4,4,3,5,4,3,4,3
3621,Jennifer Dixon,History,Term 1,2025,5,3,3,3,4,3,4,3,3,4
3622,Jennifer Dixon,History,Term 1,2025,5,4,4,5,4,4,3,4,5,2
3623,Jennifer Dixon,History,Term 1,2025,4,5,5,2,2,4,2,1,4,5
3624,Jennifer Dixon,History,Term 1,2025,4,5,3,3,3,3,4,4,2,2
3625,Jennifer Dixon,History,Term 1,2025,4,5,3,5,4,3,3,3,3,4
3626,Jennifer Dixon,History,Term 2,2025,2,3,3,3,3,4,4,4,4,4
3627,Jennifer Dixon,History,Term 2,2025,5,4,5,5,2,4,4,3,3,3
3628,Jennifer Dixon,History,Term 2,2025,4,5,5,3,3,4,3,2,3,2
3629,Jennifer Dixon,History,Term 2,2025,4,3,3,4,4,2,3,2,4,4
3630,Jennifer Dixon,History,Term 2,2025,5,4,3,3,3,4,4,3,5,5
3631,Jennifer Dixon,History,Term 2,2025,4,3,2,3,4,3,3,3,4,3
3632,Jennifer Dixon,History,Term 2,2025,5,5,4,4,5,2,2,4,5,3
3633,Jennifer Dixon,History,Term 2,2025,4,3,4,4,5,5,4,3,3,3
3634,Jennifer Dixon,History,Term 2,2025,5,3,4,5,4,4,3,4,4,4
3635,Jennifer Dixon,History,Term 2,2025,2,4,5,3,2,4,5,4,2,5
3636,Jennifer Dixon,History,Term 2,2025,3,4,4,4,4,4,4,3,3,4
3637,Jennifer Dixon,History,Term 2,2025,4,3,3,3,3,4,4,3,3,3
3638,Jennifer Dixon,History,Term 2,2025,3,3,3,2,3,4,4,3,3,4
3639,Jennifer Dixon,History,Term 2,2025,3,3,5,4,4,4,3,4,2,4
3640,Jennifer Dixon,History,Term 2,2025,3,3,3,3,5,4,3,3,4,4
3641,Jennifer Dixon,History,Term 2,2025,4,5,4,4,4,4,4,3,3,3
3642,Jennifer Dixon,History,Term 2,2025,3,4,3,3,4,3,3,4,4,3
3643,Jennifer Dixon,History,Term 2,2025,4,4,3,2,4,4,2,4,3,4
3644,Jennifer Dixon,History,Term 2,2025,3,4,3,4,3,3,4,5,4,4
3645,Jennifer Dixon,History,Term 2,2025,4,5,4,5,4,3,4,3,4,3
3646,Jennifer Dixon,History,Term 2,2025,5,2,2,3,4,3,3,3,3,4
3647,Jennifer Dixon,History,Term 2,2025,5,3,4,3,5,3,5,3,4,4
3648,Jennifer Dixon,History,Term 2,2025,4,2,2,4,4,3,5,4,3,3
3649,Jennifer Dixon,History,Term 3,2025,3,4,3,4,3,3,2,4,3,3
3650,Jennifer Dixon,History,Term 3,2025,4,5,3,5,2,5,4,3,3,4
3651,Jennifer Dixon,History,Term 3,2025,3,4,2,4,3,3,3,3,3,4
3652,Jennifer Dixon,History,Term 3,2025,3,3,3,3,5,4,3,2,4,3
3653,Jennifer Dixon,History,Term 3,2025,2,3,4,5,4,4,3,4,4,3
3654,Jennifer Dixon,History,Term 3,2025,3,4,3,4,5,5,4,2,3,4
3655,Jennifer Dixon,History,Term 3,2025,4,2,3,4,3,3,4,2,3,2
3656,Jennifer Dixon,History,Term 3,2025,2,5,5,4,4,2,4,2,2,2
3657,Jennifer Dixon,History,Term 3,2025,3,3,4,3,3,4,2,3,3,3
3658,Jennifer Dixon,History,Term 3,2025,4,3,4,4,3,5,3,4,4,4
3659,Jennifer Dixon,History,Term 3,2025,3,3,4,4,3,4,5,3,4,5
3660,Jennifer Dixon,History,Term 3,2025,3,4,2,4,2,3,3,3,5,3
3661,Jennifer Dixon,History,Term 3,2025,4,3,3,3,2,3,4,4,4,4
3662,Jennifer Dixon,History,Term 3,2025,5,3,2,3,5,3,4,3,4,4
3663,Jennifer Dixon,History,Term 3,2025,4,3,4,3,3,3,3,5,4,4
3664,Jennifer Dixon,History,Term 3,2025,3,3,3,3,2,3,5,2,4,4
3665,Jennifer Dixon,History,Term 3,2025,4,5,4,4,3,4,4,4,2,4
3666,Jennifer Dixon,History,Term 3,2025,3,5,4,5,3,4,4,4,2,4
3667,Jennifer Dixon,History,Term 3,2025,2,3,4,4,4,4,3,4,4,3
3668,Jennifer Dixon,History,Term 3,2025,3,4,2,3,4,5,4,3,2,4
3669,Jennifer Dixon,History,Term 3,2025,4,2,3,3,5,2,4,4,5,2
3670,Jennifer Dixon,History,Term 3,2025,4,4,3,3,4,2,4,4,4,3
